id,firstname,middlename,lastname,ssn,dobyear,dobmonth,dobday,address1,address2,city,state,zip,created_at,updated_at
1,Henka,Nickola,Crowcombe,767-09-0274,1984,4,17,55 Grayhawk Road, ,Salt Lake City,UT,84110,2018-01-06 06:20:03,2018-02-13 09:56:41
2,Patrice,Dosi,Mosey,540-25-8565,1966,7,17,0 Heath Court, ,Appleton,WI,54915,2017-08-12 19:02:38,2017-12-14 13:42:03
3,Halli,Carmela,Alldridge,491-38-8538,1977,10,28,55980 Cody Street, ,Huntington,WV,25770,2017-11-01 01:59:02,2018-08-26 04:17:14
4,Augusta,Marrissa,Salvatore,294-23-3128,1903,1,21,9 Mayfield Parkway, ,Muskegon,MI,49444,2017-12-18 10:39:56,2017-05-30 16:58:44
5,Ruthanne,Lars,Kondrachenko,381-60-1382,1913,7,25,714 Summer Ridge Alley, ,Independence,MO,64054,2017-05-01 22:08:22,2017-05-11 14:04:44
6,Massimiliano,Madlin,Duncan,501-16-1677,1944,10,24,51525 Drewry Parkway, ,Buffalo,NY,14215,2017-07-01 05:06:06,2017-07-01 16:35:56
7,Kathlin,Astrix,Burnep,350-29-7117,1908,8,12,339 Reindahl Parkway, ,Louisville,KY,40293,2017-06-29 19:21:33,2017-06-30 10:11:32
8,Filmore,Mead,Laroze,715-88-2517,1971,2,8,5 Cody Alley, ,Irving,TX,75062,2018-06-30 20:51:55,2017-07-24 21:03:04
9,Ruperto,Win,Glazzard,414-26-7042,1990,2,7,63633 Daystar Crossing, ,Dallas,TX,75277,2017-06-14 02:50:56,2017-08-09 08:58:24
10,Farlee,Valida,Dobbings,689-72-7606,1904,1,17,9273 Carey Center, ,Dallas,TX,75231,2017-06-19 08:21:27,2018-04-01 03:29:03
11,Dante,Stewart,McAlister,833-97-4423,1973,3,4,3 Ruskin Center, ,Hartford,CT,06160,2018-03-07 22:40:04,2017-12-09 02:41:00
12,Edin,Antonietta,Shellard,495-77-6063,1960,4,21,388 Hagan Crossing, ,Saint Paul,MN,55108,2017-12-15 23:45:22,2018-03-21 23:27:03
13,Silvana,Albie,Willmetts,455-14-8313,1971,10,15,00778 Blue Bill Park Alley, ,Paterson,NJ,07505,2017-07-06 17:19:09,2017-05-06 07:13:30
14,Barthel,Darrel,Marusik,415-14-7178,2008,8,12,0 Mariners Cove Park, ,Cincinnati,OH,45208,2017-05-27 05:06:35,2017-05-02 04:25:56
15,Gavra,Rochell,McNirlan,899-47-0649,2010,4,9,0904 Bonner Center, ,Burbank,CA,91520,2018-05-06 13:37:31,2017-10-09 19:22:50
16,Cristie,Hilliard,Follin,607-76-3589,1936,4,24,240 Mccormick Park, ,Atlanta,GA,30351,2017-08-17 10:02:40,2018-03-07 01:20:09
17,Ebony,Brana,Hearley,761-59-6299,1989,12,16,4908 Paget Hill, ,Lexington,KY,40586,2017-09-24 01:49:40,2018-03-16 10:37:21
18,Zenia,Bliss,Remer,321-46-2289,1999,11,22,53 2nd Drive, ,Seattle,WA,98185,2017-09-24 01:44:54,2018-02-10 18:47:08
19,Nell,Eleni,Brownsall,201-41-5683,1935,9,1,65161 Superior Junction, ,Sioux Falls,SD,57105,2018-01-31 07:09:26,2017-09-29 13:29:05
20,Clara,Horacio,Stanborough,454-45-0185,1915,5,10,363 Petterle Junction, ,Albuquerque,NM,87115,2018-07-13 22:17:06,2018-02-02 20:39:00
21,Lizbeth,Leora,Marfield,689-76-6209,2005,9,14,651 Southridge Place, ,Buffalo,NY,14225,2017-05-08 15:23:45,2017-05-13 06:51:12
22,Vivien,Emory,Edowes,708-49-2637,1968,2,15,839 Delladonna Center, ,Charlotte,NC,28256,2018-02-28 18:41:22,2017-09-23 14:06:51
23,Nomi,Philly,Cusworth,869-82-2650,1983,6,28,2878 Blaine Court, ,Sarasota,FL,34233,2017-11-08 10:51:05,2018-08-19 13:02:33
24,Kimberlee,Sallyanne,Wetheril,353-63-1309,2001,12,13,44345 Duke Junction, ,Minneapolis,MN,55441,2017-07-12 11:05:12,2017-09-09 21:07:34
25,Ly,Rebeka,Jeremiah,614-49-1316,1972,8,18,60508 Straubel Place, ,New York City,NY,10110,2018-08-20 10:07:43,2018-08-31 08:20:19
26,Blakelee,Johannah,Renhard,820-53-9481,1915,7,9,45735 Kings Trail, ,Mesa,AZ,85210,2017-12-22 23:28:12,2017-07-27 17:18:43
27,Vivien,Rupert,Avrahamian,387-17-4119,1907,11,6,8 Nancy Street, ,Longview,TX,75605,2018-04-22 09:13:35,2017-10-26 12:51:40
28,Delcine,Winnie,Chisnell,350-75-2032,1976,8,6,63416 Granby Lane, ,Salem,OR,97312,2018-06-23 13:28:05,2017-09-06 01:30:51
29,Delainey,Gale,Brinklow,874-65-8423,1934,6,22,956 Morningstar Trail, ,Atlanta,GA,30306,2018-04-09 04:32:59,2017-10-14 08:15:58
30,Dill,Tamas,Leap,820-55-6100,1980,8,4,09316 Paget Point, ,Corpus Christi,TX,78410,2017-08-18 23:08:55,2018-06-07 18:07:17
31,Alaster,Vincents,Donaghie,841-33-0608,1944,5,2,9 Eastwood Center, ,Des Moines,IA,50393,2017-05-25 03:46:01,2017-05-16 15:42:29
32,Tobye,Garvin,Keysall,707-26-5441,2005,10,25,9140 Lighthouse Bay Point, ,Elizabeth,NJ,07208,2018-01-22 19:46:05,2017-10-15 04:57:28
33,Nelly,Sullivan,Riseborough,140-78-6341,1909,3,3,2649 Kennedy Trail, ,El Paso,TX,88574,2018-06-18 05:59:52,2018-06-11 13:39:17
34,Danika,Richmond,Becaris,526-67-5351,1913,9,12,03856 Monica Plaza, ,Lubbock,TX,79452,2017-08-01 20:47:09,2017-06-10 00:53:07
35,Henka,Nicolas,Linke,333-79-8165,1945,9,9,0 Dryden Street, ,Fort Myers,FL,33994,2017-05-07 08:33:38,2018-08-15 22:38:52
36,Gussi,Wendel,Siene,462-27-0197,1953,3,28,3 Butterfield Drive, ,Jacksonville,FL,32204,2017-05-18 22:38:37,2017-07-15 16:43:41
37,Kenneth,Myrah,Weond,167-03-2621,1922,11,7,657 Village Junction, ,Tulsa,OK,74156,2017-07-20 05:50:41,2017-09-17 02:31:57
38,Jeanna,Danyette,Pele,752-83-5050,1985,4,16,0 Arapahoe Road, ,San Diego,CA,92165,2017-09-12 22:25:16,2018-05-07 03:00:50
39,Henryetta,Jard,Cotherill,719-82-9388,2009,3,6,91 Bobwhite Way, ,Sacramento,CA,95894,2017-09-10 14:59:33,2018-07-01 01:12:15
40,Thoma,Cindi,Pavkovic,212-15-2110,1973,2,14,716 Buena Vista Circle, ,Kansas City,KS,66160,2017-08-04 22:54:09,2018-08-02 07:20:27
41,Fae,Desmund,Bowhey,696-20-5141,1928,4,15,78524 Valley Edge Drive, ,Bronx,NY,10474,2018-03-14 12:17:04,2017-12-10 12:42:31
42,Francisco,Pegeen,Paulon,322-30-3395,1944,12,28,27 Spaight Terrace, ,Jeffersonville,IN,47134,2017-10-17 23:47:35,2017-11-25 17:07:08
43,Janot,Corrine,Tacey,248-76-1449,1965,6,12,0 Shoshone Road, ,Tacoma,WA,98481,2018-02-26 05:15:20,2017-06-08 08:23:33
44,Amanda,Denney,Corteis,154-55-7570,1930,6,14,01 Helena Drive, ,San Antonio,TX,78278,2018-08-20 18:12:11,2017-08-27 15:05:04
45,Wylma,Erasmus,Comber,257-77-9766,1932,1,9,61689 Vera Parkway, ,Raleigh,NC,27605,2018-01-20 12:50:28,2018-08-29 22:21:52
46,Melania,Aurie,Lewsley,509-29-0477,1931,1,9,73 Anthes Point, ,Long Beach,CA,90805,2017-10-11 20:45:29,2018-03-17 22:09:22
47,Tatiania,Corrie,Woodrooffe,201-32-8899,1978,10,11,322 Redwing Plaza, ,Syracuse,NY,13224,2018-07-14 10:34:10,2018-02-27 01:10:12
48,Red,Cesaro,Shyres,236-17-3095,1999,8,26,96 Judy Place, ,Sioux City,IA,51105,2018-04-09 16:03:02,2017-11-30 22:01:04
49,Sibley,Cleon,Ephgrave,649-86-7172,1933,5,23,2236 Springs Plaza, ,Madison,WI,53710,2018-08-19 08:45:35,2018-05-10 07:03:46
50,Florinda,Arny,Pidgeley,266-16-6906,1972,8,11,38 Westend Alley, ,Savannah,GA,31416,2017-09-23 00:11:48,2017-08-31 16:38:58
51,Vinnie,Binni,Dottridge,208-86-3739,2005,7,10,9 Victoria Park, ,Huntington,WV,25711,2017-12-03 21:48:15,2017-06-13 23:06:02
52,King,Isidor,O'Heyne,243-88-5981,1903,9,16,4868 Muir Court, ,New York City,NY,10024,2017-08-06 06:56:10,2017-09-03 07:11:26
53,Iseabal,Austin,Scoon,461-14-0338,1940,7,25,340 Armistice Park, ,Lexington,KY,40581,2018-02-11 11:59:52,2018-09-02 02:55:26
54,Rafaello,Rosy,Aronovich,446-15-9172,1962,5,7,970 5th Crossing, ,Milwaukee,WI,53215,2018-01-05 14:55:42,2018-03-16 07:27:58
55,Mayne,Betteanne,Goncaves,737-43-2751,1969,4,13,33 Meadow Vale Park, ,Raleigh,NC,27658,2018-01-25 16:29:36,2017-09-06 17:02:03
56,Carlin,Karly,Mathews,651-21-0902,1930,10,27,9 Marcy Circle, ,Silver Spring,MD,20910,2017-11-13 10:58:22,2017-10-06 19:14:39
57,Tim,Krystyna,Tyrer,794-72-7774,2004,7,4,74561 Tony Pass, ,Colorado Springs,CO,80935,2017-09-03 11:41:18,2017-12-29 04:17:50
58,Jehu,Dunc,Martinat,292-38-0170,1984,6,20,65557 Buell Center, ,Washington,DC,20073,2017-10-23 01:40:32,2017-11-13 12:54:56
59,Ade,Heda,Balthasar,699-16-6619,1995,1,14,2 Loomis Trail, ,Wichita Falls,TX,76305,2018-04-27 16:38:07,2017-08-04 04:04:02
60,Thorstein,Alexandra,Kiendl,687-11-5711,1922,6,15,5017 Vera Avenue, ,Jamaica,NY,11436,2018-08-16 11:41:02,2018-01-17 05:42:56
61,Judah,Aylmar,Meikle,280-64-3603,1958,12,11,0438 5th Avenue, ,Garden Grove,CA,92645,2017-10-31 17:04:54,2018-08-15 10:34:02
62,Tamra,Herschel,Denholm,486-85-0654,1957,6,12,2 Corry Plaza, ,Washington,DC,20099,2017-07-04 00:28:21,2017-12-26 21:20:11
63,Hatti,Edin,Cottel,654-57-4316,1973,2,15,27 Amoth Center, ,Fort Wayne,IN,46857,2017-08-08 03:14:13,2018-09-11 09:29:44
64,Pincas,Devinne,Charters,424-68-6151,1978,11,7,882 Carey Junction, ,Fort Collins,CO,80525,2017-06-23 11:33:10,2018-02-01 19:15:42
65,Lois,Nikola,Clohissy,604-19-2990,1932,7,1,177 Twin Pines Plaza, ,Kent,WA,98042,2017-07-23 22:41:47,2017-05-16 18:17:27
66,Mariam,Imojean,O'Quin,614-06-9391,1914,6,8,7262 Sherman Park, ,Albany,GA,31704,2018-08-26 23:35:35,2017-09-29 04:24:10
67,Devon,Neel,Garlette,201-85-2968,1917,9,11,9902 Hallows Point, ,Stockton,CA,95205,2018-02-07 00:18:14,2017-06-18 01:41:32
68,Ruthann,Catrina,Rosini,382-23-8257,1929,11,12,751 Nevada Terrace, ,Stamford,CT,06922,2017-09-11 13:12:25,2017-10-20 20:05:57
69,Debera,Shalom,Lusher,417-29-0912,1903,3,10,12 Hazelcrest Pass, ,Memphis,TN,38150,2018-03-30 05:30:12,2017-11-07 23:24:59
70,Davis,Ingra,Aven,433-87-4868,1934,6,1,2429 Eagle Crest Point, ,Jacksonville,FL,32255,2017-12-31 16:18:13,2017-08-23 10:17:37
71,Karilynn,Abbi,Dowles,805-04-4538,2006,1,23,0204 Darwin Alley, ,Albany,NY,12255,2017-09-28 13:29:26,2018-03-26 16:24:24
72,Delmore,Margarethe,Sheed,476-21-2399,1992,10,26,26639 Prentice Hill, ,San Bernardino,CA,92410,2017-10-15 09:07:47,2017-09-21 08:03:27
73,Madelin,Ransom,Cowp,182-49-0917,1974,4,24,11 Heath Circle, ,Colorado Springs,CO,80925,2017-08-14 06:17:57,2017-09-24 15:34:37
74,Callean,Bradan,Piddick,511-29-0621,2009,5,25,0614 Maryland Trail, ,Trenton,NJ,08619,2018-03-13 09:26:47,2018-03-25 06:20:20
75,Carmelita,Geri,Farthing,783-10-8404,1940,5,16,9749 Homewood Street, ,Washington,DC,20540,2018-08-14 18:03:21,2018-05-14 02:48:55
76,Pet,Maryjane,Bruntjen,789-69-6543,1939,5,14,9617 John Wall Avenue, ,New York City,NY,10175,2018-09-04 22:26:29,2018-01-08 01:31:53
77,Silvio,Laurie,Kettel,455-05-7546,1934,1,5,050 Thompson Street, ,Atlanta,GA,31136,2017-09-18 22:31:45,2017-09-18 00:52:12
78,Laverne,Templeton,Brashaw,175-76-2009,1912,2,27,874 North Pass, ,New Haven,CT,06505,2017-05-03 01:24:07,2017-09-07 09:04:55
79,Lincoln,Law,Richardes,731-43-4823,1935,8,14,955 Sunfield Court, ,Fort Myers,FL,33913,2018-09-09 07:45:16,2017-08-11 10:40:47
80,Isabeau,Reta,Gutowska,806-10-7742,2006,4,17,935 East Center, ,Cleveland,OH,44177,2018-07-04 03:44:52,2018-06-30 20:49:13
81,Jarib,Aviva,Bard,535-54-0221,1938,9,10,01 Graedel Way, ,Washington,DC,20067,2018-01-22 15:33:23,2017-07-22 06:58:33
82,Madelle,Merry,Phelan,434-18-7194,1907,10,26,22 Scott Lane, ,Boise,ID,83727,2017-06-12 22:33:46,2017-12-01 14:46:55
83,Chrisy,Fleurette,Coling,175-67-8577,1918,3,28,07 Dorton Way, ,Phoenix,AZ,85077,2018-04-16 18:49:10,2018-01-23 16:34:28
84,Ketty,Marie-jeanne,Cornell,612-39-1527,1932,7,22,567 Hooker Trail, ,Minneapolis,MN,55407,2017-09-12 06:33:20,2018-07-27 05:33:12
85,Adena,Emory,Verey,273-71-9258,1995,7,27,2301 Burning Wood Parkway, ,Waco,TX,76711,2017-07-22 08:32:12,2017-07-17 07:32:43
86,Olivie,Eveleen,Machon,467-62-1528,1975,9,12,9637 Esch Lane, ,Lubbock,TX,79415,2018-03-05 16:26:45,2018-05-17 12:54:59
87,Vance,Cliff,Maestro,420-33-4819,1978,1,10,2055 Myrtle Way, ,Houston,TX,77228,2017-10-21 00:28:39,2018-05-29 17:36:22
88,Austin,Stillman,Standbrook,632-63-9219,1985,2,7,46 Luster Avenue, ,Saint Augustine,FL,32092,2018-01-09 22:44:45,2017-08-04 04:53:58
89,Wilona,Deirdre,Carwithim,836-75-7727,1951,12,9,58 Talisman Avenue, ,Huntington,WV,25726,2017-12-23 14:41:06,2017-05-15 07:16:52
90,Jamal,Editha,Scandwright,732-30-6360,1954,12,22,77699 Laurel Lane, ,Dayton,OH,45454,2017-06-18 06:33:58,2017-12-06 13:06:07
91,Gabbey,Gabie,Rolston,378-88-1560,1998,11,25,5581 Bashford Pass, ,Philadelphia,PA,19191,2018-01-15 02:46:15,2017-08-03 22:49:41
92,Amber,Pat,Decayette,155-56-0962,1986,11,27,78 Butterfield Alley, ,Washington,DC,20397,2017-08-16 08:24:59,2017-09-12 13:30:25
93,Godart,Gris,Petraitis,501-38-8579,1990,8,24,6 Utah Pass, ,Pittsburgh,PA,15274,2018-06-08 18:49:05,2017-10-29 13:57:36
94,Ramona,Jane,Wombwell,811-43-8553,1998,4,12,344 Briar Crest Parkway, ,New Orleans,LA,70149,2017-12-16 21:39:37,2017-07-25 04:04:49
95,Seamus,Silvia,Woolward,608-86-4697,1909,9,17,70362 Pankratz Parkway, ,Roanoke,VA,24029,2017-10-19 23:21:57,2018-05-06 07:20:39
96,Wildon,Adriena,Knapman,219-10-2707,1921,8,21,181 Meadow Valley Parkway, ,Gatesville,TX,76598,2018-06-01 08:42:56,2017-08-19 18:58:14
97,Lamar,Jaimie,Flanner,706-76-8718,1971,2,16,38764 Cody Junction, ,Galveston,TX,77554,2018-03-28 02:13:00,2017-07-20 15:20:43
98,Lorelle,Barclay,Spellissy,671-19-6679,2000,10,18,3346 Burning Wood Way, ,Alhambra,CA,91841,2017-07-17 16:42:46,2017-07-24 03:47:26
99,Elianore,Garfield,Addey,615-85-9238,1987,7,14,033 Nobel Hill, ,Sacramento,CA,95833,2018-08-29 02:25:29,2017-05-24 04:51:55
100,Evie,Layne,Parke,699-71-8548,1915,8,28,17 Knutson Circle, ,Washington,DC,20530,2018-05-10 04:08:39,2018-05-30 19:40:55
101,Nancy,Kiele,Lightwing,290-52-2036,2002,3,15,5191 Spohn Pass, ,Wilmington,DE,19805,2018-06-25 16:07:51,2017-06-08 03:02:18
102,Elizabeth,Nertie,Merryman,886-62-8767,1980,8,22,05025 5th Point, ,Daytona Beach,FL,32118,2017-08-15 04:50:37,2018-05-04 21:32:37
103,Adrea,Micki,Scruton,803-32-3856,1901,7,24,00 Petterle Way, ,Sacramento,CA,95894,2018-04-18 01:47:49,2017-10-30 17:38:03
104,Letti,Colman,Atwool,295-50-8984,1971,1,2,491 Weeping Birch Point, ,Waco,TX,76711,2018-02-22 13:27:54,2017-10-10 12:55:33
105,Martguerita,Bram,Tombs,597-08-9063,1971,1,20,9575 Rutledge Pass, ,Winston Salem,NC,27105,2018-06-29 06:43:43,2018-02-03 13:28:21
106,Allan,Allegra,Todeo,670-03-4395,1936,9,18,981 Schlimgen Trail, ,Providence,RI,02905,2017-08-07 12:29:17,2017-12-30 00:32:43
107,Tabina,Halsey,Robillart,772-18-6574,1987,2,13,041 Nancy Way, ,Erie,PA,16510,2017-12-25 08:05:58,2017-05-03 08:22:14
108,Candy,Karel,Gethins,621-07-4340,1903,3,10,66731 Spenser Pass, ,Austin,TX,78783,2018-07-22 08:11:19,2018-01-13 08:49:57
109,Lindy,Zabrina,Trevithick,335-76-2505,1971,2,27,68 Dawn Way, ,Gatesville,TX,76598,2018-04-02 20:59:36,2018-02-05 03:24:43
110,Marnie,Grissel,Trevaskis,310-91-6567,1953,4,6,36 Eliot Park, ,Lexington,KY,40596,2017-07-03 06:28:32,2018-09-03 11:13:40
111,Mil,Brant,Coll,553-15-0105,1944,6,23,2089 Kinsman Crossing, ,Silver Spring,MD,20918,2018-03-14 02:21:40,2018-01-05 20:47:38
112,Dud,Danyelle,Rumble,187-55-6440,1978,8,8,1 Gina Trail, ,Los Angeles,CA,90005,2017-06-21 19:07:02,2017-08-29 16:39:01
113,Louella,Isadore,Moar,128-83-0661,1916,11,21,99 David Pass, ,Saginaw,MI,48609,2018-04-16 19:25:20,2018-04-21 16:15:42
114,Waylan,Mellisent,Glamart,221-97-9561,1948,2,22,4162 Hanson Court, ,Sacramento,CA,94250,2018-03-12 02:49:42,2018-09-05 15:13:49
115,Claribel,Araldo,Mayston,498-09-3937,2002,4,6,2 Towne Terrace, ,Scranton,PA,18505,2018-04-30 04:42:11,2018-08-10 01:36:01
116,Ania,Carlee,Lavery,637-71-2319,1919,7,15,0 Sycamore Drive, ,Dallas,TX,75231,2018-08-04 07:47:09,2018-04-04 07:24:23
117,Netty,Wilhelmine,MacAdam,389-93-8850,1968,7,19,72905 Northport Park, ,Scottsdale,AZ,85255,2017-11-07 13:25:22,2017-07-31 12:47:01
118,Kylynn,Elaina,Goose,710-42-5378,1901,6,18,388 Redwing Junction, ,Bakersfield,CA,93311,2018-06-09 00:02:21,2017-05-20 03:31:06
119,Maura,Rosalynd,Mancer,488-92-3001,1951,6,5,724 Dovetail Point, ,Sioux Falls,SD,57193,2018-05-03 08:36:17,2017-11-03 03:17:23
120,Thorpe,Jessie,Skrzynski,126-22-3737,1945,10,21,40 Stoughton Lane, ,Saint Louis,MO,63196,2017-09-13 10:25:31,2017-09-05 01:06:30
121,Beverlie,Jan,La Grange,790-46-8285,1947,4,13,1065 Nova Hill, ,Wichita Falls,TX,76310,2018-03-10 13:32:10,2017-11-19 11:15:02
122,Carmelita,Hube,Kelf,250-87-7340,1915,12,13,9700 John Wall Way, ,Fairbanks,AK,99790,2018-06-04 07:00:44,2017-05-27 11:44:01
123,Adelaide,Zorine,Tschierasche,115-08-6562,1988,5,13,70 American Ash Crossing, ,Birmingham,AL,35210,2018-03-10 02:28:20,2017-08-03 14:39:13
124,Natassia,Fionnula,Ales0,187-30-4719,1909,7,6,5335 Del Mar Circle, ,Mount Vernon,NY,10557,2017-05-17 22:16:31,2018-07-24 19:41:53
125,Matthias,Micheil,McGuiney,628-43-9653,1907,10,13,0 Loftsgordon Circle, ,Killeen,TX,76544,2017-12-03 06:24:29,2018-09-11 05:36:03
126,Lorry,Cammi,Forgan,879-98-1330,1937,6,19,656 Hansons Alley, ,Louisville,KY,40225,2017-08-19 18:10:11,2017-07-12 13:48:03
127,Geralda,Hendrik,Dybald,203-82-6408,1953,10,25,00768 School Parkway, ,Reading,PA,19610,2017-09-19 17:49:47,2018-03-20 10:00:55
128,Wolfie,Alicea,Kindleside,211-93-9328,1984,12,6,6218 Anniversary Circle, ,Midland,TX,79710,2017-05-05 02:24:37,2018-07-15 03:52:55
129,Gabi,Roderich,Drake,288-25-8251,1945,7,11,314 Arapahoe Park, ,Worcester,MA,01610,2018-04-04 05:35:37,2018-07-30 16:47:48
130,Rolando,Kelsi,Secretan,507-39-3308,1952,3,4,6 Dakota Place, ,San Diego,CA,92145,2017-06-30 19:09:39,2017-09-14 21:54:01
131,Reade,Letti,De Bruijn,226-96-3175,1966,8,4,972 Vahlen Alley, ,South Lake Tahoe,CA,96154,2018-07-07 03:06:24,2018-06-22 21:27:52
132,Bob,Mord,Rollins,497-78-3820,1926,11,24,56860 Nobel Court, ,Tucson,AZ,85748,2017-07-22 21:45:21,2017-10-28 12:09:11
133,Stinky,Jedd,Cairney,444-62-1730,1967,6,28,4 Farwell Hill, ,Waterloo,IA,50706,2018-06-16 10:30:30,2017-08-11 09:54:53
134,Marcia,Nico,M'cowis,159-90-0947,1982,12,9,6 Miller Street, ,Wilmington,NC,28410,2017-12-09 23:56:40,2017-08-26 05:26:16
135,Gaven,Kare,Cram,285-16-3369,2000,1,5,190 Birchwood Center, ,Monticello,MN,55585,2018-01-03 15:12:43,2018-08-24 16:25:37
136,Heddie,Osbourne,Oluwatoyin,613-02-0262,1970,11,22,10 Sage Hill, ,Olympia,WA,98506,2018-08-14 08:02:35,2017-07-13 21:06:39
137,Siward,Riane,McQuie,864-58-6901,1940,1,23,100 Sage Junction, ,Young America,MN,55551,2018-07-05 05:04:49,2017-09-25 17:15:43
138,Tabb,Feliza,Flute,897-29-3119,2006,5,16,23838 Lakewood Lane, ,Greenville,SC,29615,2018-04-26 13:37:43,2017-08-24 20:19:34
139,Vernor,Wenda,Walhedd,340-49-7690,1911,8,16,93 Lotheville Avenue, ,Montgomery,AL,36114,2018-01-28 12:12:59,2018-02-21 06:23:32
140,Holden,Miltie,Dinneges,644-08-5746,1969,11,21,2 Upham Road, ,Milwaukee,WI,53263,2018-02-05 12:42:23,2018-02-05 15:50:17
141,Reggi,Shayne,Manilow,164-85-6148,1971,4,9,6815 Russell Terrace, ,Chicago,IL,60681,2018-02-12 16:37:35,2018-08-19 15:26:19
142,Abby,Stearn,MacTague,220-80-0968,1971,6,16,42 Cordelia Crossing, ,Memphis,TN,38188,2018-04-20 07:14:26,2017-11-22 19:52:20
143,Lucho,Webb,Wike,486-98-5421,1927,10,17,91 Old Shore Pass, ,Atlanta,GA,30343,2018-02-10 01:17:20,2017-10-10 04:52:57
144,Isidor,Gaspard,Eisikowitch,431-59-8641,1924,10,10,062 Coolidge Avenue, ,Memphis,TN,38181,2017-10-21 05:21:27,2018-01-22 10:13:07
145,Clayborn,Ulric,Trewartha,106-89-6879,1959,9,13,1 Gerald Alley, ,Greensboro,NC,27425,2018-03-20 17:58:07,2018-09-11 03:33:38
146,Allsun,Aloin,Blais,744-60-1565,1908,12,24,27 Reinke Way, ,San Francisco,CA,94137,2018-05-30 18:14:34,2017-09-09 09:36:59
147,Keenan,Ganny,Gratton,613-05-0156,2005,1,12,6120 Cambridge Hill, ,Shreveport,LA,71151,2018-07-14 20:02:06,2017-07-17 12:08:59
148,Andie,Elijah,Exall,117-55-1491,1964,10,1,354 Barnett Trail, ,Fullerton,CA,92640,2018-05-19 07:03:43,2017-12-01 16:32:20
149,Kalindi,Lorant,Huyton,862-29-6390,1923,8,26,9 West Junction, ,Lancaster,CA,93584,2018-06-24 22:24:39,2017-07-28 11:04:59
150,Suzi,Barnebas,Gerren,136-36-5884,1999,6,22,0474 Fairview Street, ,Minneapolis,MN,55448,2018-02-28 04:42:30,2018-02-23 10:05:57
151,Borg,Katerina,Nashe,112-73-2100,2000,11,21,59 Oxford Court, ,San Antonio,TX,78220,2017-07-14 12:14:01,2017-09-26 01:13:43
152,Ximenes,Nissie,Sorrell,415-86-0540,1965,7,22,1 Scofield Circle, ,Charleston,WV,25336,2018-06-06 12:56:53,2018-06-09 14:07:27
153,Adina,Gail,Robrow,709-46-3896,1948,12,20,57155 Sherman Avenue, ,Waterbury,CT,06705,2017-10-23 05:38:19,2017-06-07 11:08:27
154,Farlay,Debera,Twinn,840-86-7944,1954,11,25,5 Fuller Parkway, ,Dallas,TX,75358,2017-12-01 21:00:54,2018-01-16 10:57:27
155,Mimi,Desmund,Armatys,407-11-1457,1918,7,21,707 Eliot Way, ,Burbank,CA,91505,2017-06-15 02:41:07,2018-08-10 13:42:18
156,Nicola,Abrahan,Mullinder,649-35-6826,2010,2,4,17119 Petterle Alley, ,Sacramento,CA,94245,2018-07-01 17:06:21,2017-05-06 21:30:00
157,Zollie,Sydney,Baise,325-80-0467,2003,4,14,086 Lyons Trail, ,El Paso,TX,88525,2018-08-02 05:18:52,2017-11-14 07:55:18
158,Bartolomeo,Darren,Casone,462-07-1943,1972,4,26,36 Transport Drive, ,Saint Louis,MO,63110,2018-08-05 23:22:01,2017-06-14 17:35:57
159,Jannel,Hurlee,Viall,550-50-0019,1916,6,4,4545 Stone Corner Parkway, ,Evansville,IN,47705,2017-09-27 19:17:07,2017-12-29 09:03:42
160,Krystalle,Cris,Kehir,272-34-8763,1926,6,27,2130 Stoughton Parkway, ,Charlotte,NC,28210,2017-08-19 10:45:35,2017-10-30 12:42:27
161,Avril,Allister,Serraillier,631-44-6561,1934,2,16,03 Del Mar Terrace, ,Waco,TX,76796,2018-03-29 17:50:32,2017-07-22 04:16:50
162,Wilie,Riannon,Shellibeer,655-37-1583,1960,9,5,4 Morning Terrace, ,Charleston,SC,29424,2017-10-28 13:28:06,2017-06-22 19:48:05
163,Hamnet,Nollie,Bramwich,636-22-2441,1955,6,9,54601 Cardinal Junction, ,Washington,DC,20599,2017-12-02 23:50:06,2017-06-24 08:30:21
164,Marylinda,Amaleta,Tongue,147-30-0069,1971,4,1,600 Declaration Plaza, ,Los Angeles,CA,90005,2018-02-22 22:44:28,2017-12-23 08:23:44
165,Tedd,Burke,Wilgar,186-80-0002,1935,7,11,0107 Hintze Way, ,Spokane,WA,99215,2017-07-29 03:26:08,2018-04-03 00:43:28
166,Brok,Rhiamon,Bedingfield,346-54-8364,1923,11,11,88637 Derek Avenue, ,Prescott,AZ,86305,2018-04-12 08:54:14,2018-07-25 23:58:30
167,Quentin,Dacie,Northedge,185-01-2396,1901,1,13,02 Eagan Junction, ,Albuquerque,NM,87180,2017-09-10 00:58:06,2018-04-07 11:19:07
168,Jedidiah,Allan,Poulston,145-46-7400,1911,10,23,88 Kinsman Avenue, ,Cincinnati,OH,45271,2018-08-28 08:26:14,2017-08-04 05:41:40
169,Juan,Jefferey,Castellucci,581-98-0515,1978,5,10,182 4th Pass, ,Cincinnati,OH,45203,2017-05-25 04:00:01,2018-01-23 06:29:17
170,Loni,Jerri,Gask,273-73-3253,1989,7,3,4 Amoth Junction, ,Arlington,TX,76016,2017-06-01 05:02:59,2017-09-11 23:51:04
171,Lucinda,Doreen,Taunton,292-70-5157,1962,12,19,397 Golden Leaf Lane, ,Dallas,TX,75379,2017-12-10 20:17:53,2017-10-06 17:41:49
172,Melicent,Chip,Nutbrown,564-69-4299,1962,3,12,3142 Kinsman Lane, ,Reno,NV,89550,2018-05-22 23:20:14,2017-10-05 13:45:42
173,Chiquia,Rosamund,Forsbey,892-19-6233,1984,7,2,0834 Fuller Pass, ,Arlington,TX,76004,2017-06-29 17:28:52,2017-05-02 20:24:23
174,Kaleena,Carey,Baildon,147-56-8380,1918,7,26,5 Veith Point, ,Minneapolis,MN,55487,2018-03-09 17:29:22,2017-07-30 06:10:26
175,Darius,Stillmann,Earwaker,581-15-8930,1917,12,16,122 Londonderry Circle, ,Spring,TX,77386,2017-06-16 23:14:32,2017-09-11 06:57:48
176,Suzanna,Selle,Lealle,270-02-1028,1987,1,8,0 Redwing Street, ,Brooksville,FL,34605,2018-08-12 21:48:31,2017-08-22 03:22:15
177,Kincaid,Rois,Frayne,324-09-9379,1912,5,23,65 Victoria Drive, ,Albuquerque,NM,87105,2017-12-10 18:31:35,2018-01-15 12:35:13
178,Ase,Lyle,Lochrie,821-38-5526,1933,3,11,87 Oak Valley Hill, ,Des Moines,IA,50310,2017-12-03 07:26:15,2017-10-25 13:43:13
179,Curtis,Ester,Drohun,356-69-5380,1944,6,4,6057 Scott Trail, ,Pueblo,CO,81005,2017-07-14 20:34:34,2018-06-28 14:31:24
180,Katina,Normy,Enever,302-45-0545,1932,6,13,9 Sugar Center, ,Roanoke,VA,24009,2017-07-24 17:04:41,2018-03-27 05:48:08
181,Rachel,Gussi,Blanket,321-54-8587,1940,6,11,30 Goodland Pass, ,Ann Arbor,MI,48107,2017-12-03 16:48:34,2017-08-22 04:40:04
182,Rollo,Dalila,Carsberg,472-18-0084,1969,7,6,1 Di Loreto Way, ,Ogden,UT,84409,2018-01-14 21:07:47,2017-07-30 04:43:57
183,Wit,Bev,Lillywhite,319-46-0424,2009,8,27,040 Porter Road, ,Boston,MA,02163,2018-05-30 13:07:49,2018-02-11 06:31:32
184,Flemming,Demetris,Campey,797-90-4490,1929,12,4,34 Crowley Lane, ,Pittsburgh,PA,15266,2018-06-20 02:08:44,2018-01-14 16:45:47
185,Taffy,Dasha,Tullot,743-14-8735,1903,11,27,4440 Corry Road, ,Mobile,AL,36610,2018-01-04 15:05:47,2018-08-16 17:40:32
186,Lindy,Guilbert,Flips,780-82-8408,1977,11,1,771 Norway Maple Plaza, ,Memphis,TN,38161,2017-12-13 11:57:53,2018-05-23 16:11:35
187,Herta,Camilla,Griswaite,712-61-0912,1965,4,28,8038 Ruskin Plaza, ,Scottsdale,AZ,85260,2017-12-02 00:13:54,2018-04-06 09:06:10
188,Bobbee,Mariya,Fritche,259-74-2643,1928,5,18,63842 Ryan Park, ,Shawnee Mission,KS,66286,2018-04-16 10:46:37,2018-03-21 09:36:25
189,Lev,Shanie,Pennings,607-09-0952,2004,10,9,031 Brentwood Way, ,Oklahoma City,OK,73147,2018-06-15 03:33:59,2018-05-19 10:05:55
190,Ruddie,Rosette,Poundesford,671-67-2804,2000,1,5,2 Heffernan Place, ,Conroe,TX,77305,2018-08-05 08:18:05,2017-05-02 07:38:58
191,Maxy,Maryrose,Lattimer,889-11-0146,1933,2,7,23 Chive Center, ,Houston,TX,77065,2017-05-31 21:07:21,2017-06-13 21:17:32
192,Putnam,Amalee,Degli Abbati,767-10-0777,1986,2,11,87254 3rd Plaza, ,Washington,DC,20520,2017-11-06 04:37:09,2017-06-06 01:04:36
193,Thibaud,Salim,Gorbell,726-23-9909,1915,4,23,303 Mccormick Hill, ,Lansing,MI,48930,2017-12-31 21:23:03,2017-05-04 07:46:53
194,Geno,Mariele,Lethlay,765-41-0240,2004,9,23,11 Hansons Parkway, ,Washington,DC,20057,2018-06-14 04:23:42,2017-10-20 03:40:11
195,Aldwin,Eleen,Redgewell,401-62-5608,1921,3,20,18 2nd Terrace, ,Kansas City,MO,64153,2017-09-02 14:53:35,2017-10-05 12:24:41
196,Leticia,Graham,Pawle,738-51-3903,1972,5,11,172 Dovetail Parkway, ,New York City,NY,10060,2018-08-27 13:02:14,2018-04-09 11:47:32
197,Sunny,Leonanie,Cregg,868-22-1416,1990,8,3,2640 Troy Point, ,Apache Junction,AZ,85219,2018-02-17 17:16:07,2018-04-03 02:52:27
198,Adela,Moria,Ducker,400-28-1243,1914,12,20,2 Jenifer Court, ,Roanoke,VA,24029,2017-10-23 13:37:00,2017-11-25 12:14:12
199,Cristiano,Anstice,Elward,122-63-3236,1992,1,6,5 Erie Circle, ,Amarillo,TX,79182,2018-06-03 20:47:08,2017-06-27 13:26:51
200,Adoree,Maren,Whittock,805-89-0256,1999,4,25,175 Twin Pines Circle, ,Irvine,CA,92717,2018-08-06 02:55:34,2018-05-25 05:22:22
201,Maisie,Alidia,Sutherley,895-72-5381,1904,9,20,22903 Waxwing Drive, ,Cedar Rapids,IA,52405,2017-07-17 23:31:10,2017-05-20 15:27:11
202,Dixie,Felecia,Bartot,171-65-3231,1987,6,26,73514 Carey Street, ,Clearwater,FL,34615,2018-01-20 11:10:42,2018-03-12 21:20:50
203,Rozele,Rivi,Hallatt,194-39-1351,1957,9,26,3 Meadow Valley Place, ,Colorado Springs,CO,80940,2017-11-26 03:58:46,2017-10-02 12:33:41
204,Klaus,Benson,Old,885-14-5483,1910,11,10,894 Kensington Lane, ,Fort Lauderdale,FL,33330,2017-08-23 07:18:16,2018-01-13 11:16:18
205,Agata,Kamilah,Mowling,399-91-7242,1956,9,22,24324 Meadow Vale Avenue, ,Boston,MA,02298,2018-04-25 08:46:47,2018-09-05 15:14:40
206,Talbert,Tabor,Kynson,776-47-3852,1987,3,26,54 Arizona Way, ,Cincinnati,OH,45228,2017-07-15 15:45:02,2018-01-08 08:28:39
207,Irina,Valeria,Semeniuk,780-95-1683,1931,2,5,0174 Rowland Road, ,Wichita,KS,67220,2017-09-05 08:02:58,2017-12-24 08:51:19
208,Matthiew,Cornela,Beert,335-70-8493,1937,10,3,90465 Harbort Avenue, ,Syracuse,NY,13224,2017-08-24 04:54:24,2018-07-19 03:22:20
209,Estel,Raymond,Jenkyn,784-80-3194,1934,2,24,756 Sutteridge Pass, ,Scottsdale,AZ,85271,2018-06-20 20:33:00,2017-11-30 16:35:03
210,Ingaborg,Karlie,Kirsop,695-10-4843,1997,3,2,655 Park Meadow Terrace, ,Young America,MN,55551,2018-05-24 11:30:19,2017-12-15 19:23:14
211,Aleda,Ardella,Bagnell,627-87-8559,1959,6,21,14 Porter Court, ,Fort Worth,TX,76121,2017-09-10 09:35:31,2018-02-27 09:57:19
212,Cornelle,Adolf,Somerfield,590-51-6293,1906,12,18,7 Park Meadow Avenue, ,New York City,NY,10039,2018-07-22 14:51:24,2017-10-16 16:44:14
213,Blake,Laurella,Gatchel,759-59-1224,1932,3,28,9 Summit Trail, ,Hollywood,FL,33028,2018-03-20 00:01:03,2017-05-29 06:15:08
214,Rodrick,Rem,Nevison,643-80-4527,1977,8,9,247 Sunnyside Crossing, ,Huntington,WV,25775,2017-09-16 22:44:11,2017-07-17 06:57:24
215,Loralee,Fraser,Ruvel,768-16-9522,1999,10,11,6651 Lunder Hill, ,San Jose,CA,95108,2017-05-22 19:12:31,2017-09-15 21:11:58
216,Mufi,Tate,Serck,897-51-8786,1949,11,10,6928 Reindahl Center, ,San Jose,CA,95150,2017-11-02 06:37:02,2018-02-26 14:00:07
217,Ivar,Kessiah,Scala,441-02-9580,1933,9,26,14 Macpherson Court, ,Denver,CO,80299,2017-05-05 21:54:33,2018-04-07 00:41:34
218,Ken,Adam,Ettridge,682-66-1734,1923,4,8,0856 Mendota Alley, ,Toledo,OH,43605,2017-09-18 10:50:30,2018-07-08 04:58:48
219,Maisie,Leigha,Martin,778-96-1342,1916,8,18,94699 Rigney Road, ,Fort Wayne,IN,46896,2017-10-06 22:54:04,2018-01-30 12:53:44
220,Rupert,Camila,Stancer,831-45-7346,1936,4,28,510 Bluestem Avenue, ,Stamford,CT,06912,2017-08-15 02:58:10,2018-04-20 19:48:32
221,Tremayne,Beryle,Charley,689-77-6734,1972,8,26,36 Valley Edge Plaza, ,Santa Fe,NM,87592,2018-07-30 13:15:32,2017-10-21 12:15:20
222,Anabelle,Elane,Woodes,186-56-2545,1928,1,23,40588 Stoughton Lane, ,Tulsa,OK,74116,2017-11-09 02:41:00,2018-08-16 15:44:24
223,Theo,Denna,Pitford,484-65-1734,1951,10,27,22528 Glendale Trail, ,Raleigh,NC,27610,2017-05-23 14:24:45,2017-10-12 08:14:24
224,Elaine,Dasie,Coghlan,312-23-6586,1933,3,3,6662 Cottonwood Drive, ,Decatur,GA,30033,2018-07-28 03:14:43,2017-09-16 20:22:30
225,Ludvig,Xenos,Sadler,435-98-0059,1905,1,13,355 Fairfield Point, ,Cleveland,OH,44118,2018-08-31 11:34:25,2018-06-01 11:12:33
226,Dilan,Duke,Castellaccio,724-78-1611,1973,5,4,8971 Merchant Road, ,Santa Barbara,CA,93150,2017-10-30 01:25:14,2018-07-26 18:14:31
227,Marcel,Esmaria,Dran,453-82-2876,2010,2,11,84 Birchwood Place, ,Fort Worth,TX,76115,2018-07-17 17:42:20,2018-08-28 12:58:54
228,Gail,Norry,Hayland,254-35-5941,1984,2,1,4 Anzinger Road, ,Fort Worth,TX,76178,2017-07-16 21:52:35,2017-09-19 23:10:58
229,Pascal,Pamella,Coombe,428-13-4186,1998,6,6,2294 Shoshone Circle, ,Los Angeles,CA,90071,2017-05-29 13:52:16,2017-09-15 02:18:57
230,Walther,Janeen,Fazakerley,857-71-1525,1941,1,27,84262 Corben Way, ,Scranton,PA,18505,2017-11-03 21:48:44,2017-12-13 05:08:01
231,Gerek,Dot,Carayol,190-69-3107,1939,3,12,62 Canary Pass, ,Saint Augustine,FL,32092,2017-11-11 12:46:42,2017-06-23 07:11:55
232,Kelsy,Brooke,Crysell,664-53-3283,1913,12,27,23 Mallard Hill, ,Saint Petersburg,FL,33742,2018-09-07 13:29:44,2018-04-26 11:48:23
233,Annabal,Rebeka,Lingwood,260-65-8789,1915,7,27,6323 Anniversary Way, ,Redwood City,CA,94064,2018-08-09 21:02:18,2018-01-17 01:49:35
234,Margarethe,Jamesy,Beiderbeck,442-63-0618,1935,10,15,575 Granby Plaza, ,Gilbert,AZ,85297,2018-07-20 15:48:28,2017-11-30 05:12:21
235,Shirline,Tyrus,Swayton,888-17-1031,1953,4,24,3 Butterfield Circle, ,Newark,NJ,07104,2017-10-03 17:42:03,2018-04-29 15:10:18
236,Phillie,Shirleen,Pfertner,691-97-6926,2004,11,25,256 Merchant Park, ,Washington,DC,20380,2017-12-22 19:15:17,2018-04-22 17:10:34
237,Judah,Cad,Doget,450-55-1701,1927,6,17,77 Dottie Avenue, ,Portsmouth,NH,03804,2017-05-24 05:20:26,2018-08-28 06:05:49
238,Melina,Dalia,Forestall,274-87-1365,1951,7,9,40431 Cascade Hill, ,Bozeman,MT,59771,2017-10-02 23:29:41,2018-08-30 08:23:42
239,Ruperta,Helga,McAlarney,683-49-4463,1989,1,11,81 Nevada Circle, ,Las Vegas,NV,89150,2018-02-15 21:46:39,2018-03-18 11:48:57
240,Brittani,Hephzibah,Brissenden,254-64-1023,1909,5,24,71 Crescent Oaks Parkway, ,Topeka,KS,66617,2017-11-02 09:10:55,2018-01-05 05:39:25
241,Spencer,Krystal,Sampey,711-14-0936,1907,8,11,33466 Anzinger Junction, ,Louisville,KY,40205,2018-09-01 09:41:31,2018-07-16 13:27:09
242,Bruce,Kali,Valentin,820-72-2079,1986,9,28,0 Milwaukee Drive, ,Denver,CO,80241,2018-01-30 19:08:45,2018-04-25 23:49:22
243,Gianni,Tom,Strugnell,895-15-1720,1988,11,17,29 Sage Pass, ,Chico,CA,95973,2017-08-27 15:12:36,2017-08-08 14:09:13
244,Dacey,Mady,Proudley,545-54-1023,1958,9,2,2 Washington Trail, ,Philadelphia,PA,19172,2017-12-14 03:54:29,2018-03-11 21:57:42
245,Franny,Stephana,Marchington,703-91-8361,1954,4,24,33724 Green Crossing, ,Long Beach,CA,90810,2018-05-05 17:07:00,2018-02-18 12:17:47
246,Lazaro,Maiga,Westraw,775-52-4149,1917,12,22,26 Meadow Vale Circle, ,Louisville,KY,40293,2018-05-17 15:06:53,2018-08-26 23:02:22
247,Shanta,Nealson,Featherby,431-42-3573,1969,1,28,0952 East Parkway, ,Lafayette,IN,47905,2017-06-03 14:41:57,2018-04-20 17:17:56
248,Marcos,Tawnya,Stoll,468-09-1425,1910,10,28,10 Forest Run Parkway, ,Englewood,CO,80150,2018-08-18 09:49:46,2017-08-15 12:38:37
249,Elia,Gregoire,Swayton,879-61-4230,1960,7,14,09330 Iowa Street, ,Austin,TX,78737,2017-10-31 13:15:20,2017-11-30 22:47:08
250,Markos,Nara,Churly,139-64-8898,1957,8,24,2 Village Green Court, ,Indianapolis,IN,46226,2018-06-02 09:20:57,2018-03-31 03:19:36
251,Lamont,Koralle,Bakes,795-52-9553,1989,7,10,350 Moose Court, ,Milwaukee,WI,53234,2018-03-13 03:12:32,2017-08-25 15:27:49
252,Nancy,Connie,Zammitt,191-49-2661,1971,10,25,850 Erie Hill, ,Arlington,TX,76011,2017-05-27 17:11:37,2018-02-03 12:52:38
253,Erroll,Gilberto,Mansour,288-65-6099,1993,3,12,0 Memorial Drive, ,Columbus,GA,31998,2018-02-25 00:44:04,2017-11-14 01:00:49
254,Nadya,Pooh,Viveash,896-60-4498,1995,9,13,39982 Duke Plaza, ,Atlanta,GA,30336,2018-05-16 17:15:57,2017-07-21 07:11:56
255,Cecilia,Glennie,Twinberrow,442-22-8964,1956,9,9,2 High Crossing Court, ,Alexandria,VA,22313,2017-05-16 18:25:38,2017-12-09 17:23:15
256,Oralee,Merle,McShane,361-61-2666,1936,5,17,3 Fulton Circle, ,Austin,TX,78789,2017-11-27 14:47:26,2018-01-28 02:40:35
257,Elvina,Robby,Sarjeant,217-75-1194,2009,9,8,0 Park Meadow Way, ,Amarillo,TX,79118,2018-07-20 06:02:14,2017-08-20 10:17:30
258,Ky,Adams,Gannicott,477-22-1493,1934,1,10,7290 Johnson Hill, ,Pittsburgh,PA,15286,2018-03-07 20:59:54,2018-01-20 13:13:56
259,Antonie,Leila,Greene,514-40-4967,1922,11,22,716 4th Alley, ,Oklahoma City,OK,73190,2017-10-02 01:47:09,2017-12-28 22:20:16
260,Patrizia,Griffin,Frankema,546-30-4104,1994,3,24,8398 Cordelia Plaza, ,Charleston,SC,29403,2018-01-31 20:24:09,2018-03-11 14:30:48
261,Juliane,Brander,Mont,853-47-2699,1931,12,27,7 Claremont Center, ,Wichita Falls,TX,76310,2018-06-17 03:44:48,2018-07-08 03:09:38
262,Rafa,Nanci,Jagger,103-67-3916,1908,8,22,2529 Briar Crest Court, ,San Antonio,TX,78255,2018-08-09 10:32:22,2018-01-27 17:53:30
263,Melloney,Faber,Razoux,173-53-9527,1945,9,12,0 Emmet Lane, ,Lancaster,PA,17605,2018-03-05 23:40:37,2018-03-28 23:32:12
264,Ashby,Gannon,Geikie,232-65-7801,1957,7,4,05 Granby Road, ,Tuscaloosa,AL,35405,2017-06-27 00:40:44,2017-07-31 21:36:48
265,Sunshine,Jamie,Murrigan,115-65-6941,1911,10,16,9 Barby Plaza, ,Saint Joseph,MO,64504,2018-08-19 11:58:40,2018-02-25 20:36:11
266,Caitrin,Mahmoud,Courtman,414-82-7455,2004,11,6,91766 High Crossing Point, ,Amarillo,TX,79118,2017-05-24 20:37:46,2018-03-15 06:28:50
267,Mic,Petrina,Delea,356-01-7183,1997,11,1,905 Kingsford Parkway, ,Baltimore,MD,21211,2018-06-29 09:23:00,2018-04-19 20:19:36
268,Amity,Wendie,Goodrich,662-26-7504,1934,3,10,03 Jenna Crossing, ,Oklahoma City,OK,73135,2017-06-03 22:22:37,2018-04-28 02:12:06
269,Hulda,Margette,Pithcock,766-24-7366,1927,3,3,4 High Crossing Terrace, ,Dayton,OH,45419,2018-08-08 21:38:43,2017-07-06 05:14:02
270,Kimberlee,Lainey,Etuck,703-60-5907,1983,10,7,394 Pawling Circle, ,Reston,VA,20195,2017-07-26 18:00:04,2018-03-05 06:43:59
271,Weston,Kendall,Ransfield,153-93-5679,1995,12,5,1685 Carpenter Crossing, ,Honolulu,HI,96835,2018-04-14 20:41:20,2017-12-11 02:57:48
272,Coralyn,Andrew,Krolak,161-25-0211,2005,11,22,9 Continental Avenue, ,Memphis,TN,38109,2017-09-04 18:57:51,2017-06-02 10:11:52
273,Donovan,Juliann,Whitsey,144-87-0626,1955,1,11,41 Packers Crossing, ,Baltimore,MD,21239,2018-08-23 07:14:52,2018-02-08 05:57:55
274,Denis,Maris,Stitson,545-29-9339,1988,12,18,5634 Northview Circle, ,New York City,NY,10249,2017-08-30 20:24:41,2017-10-02 12:34:49
275,Vivianna,Maje,Faulds,204-32-4518,1980,12,9,45590 Drewry Way, ,Bronx,NY,10469,2018-02-26 16:51:26,2017-10-25 20:47:22
276,Ronnie,Sherwood,Boylund,218-99-8881,1981,11,6,30505 Eggendart Point, ,Santa Monica,CA,90410,2018-04-02 03:23:36,2017-08-24 12:37:14
277,Leola,Flora,Davidovich,353-23-1312,1954,8,4,6815 Homewood Avenue, ,Aiken,SC,29805,2017-08-21 07:59:46,2017-10-23 15:55:35
278,Boony,Anallese,Harburtson,486-26-2847,1964,4,20,87 Homewood Court, ,Oklahoma City,OK,73124,2018-02-20 11:22:46,2018-08-15 13:08:02
279,Andonis,Ab,Klinck,383-92-9840,1977,9,1,12 Kim Junction, ,Boise,ID,83716,2017-12-09 17:49:22,2017-06-17 04:35:43
280,Theresita,Marven,McCurley,351-71-2094,1967,6,11,9708 Parkside Avenue, ,Omaha,NE,68117,2017-11-28 07:31:43,2017-05-08 00:37:08
281,Mayer,Emily,Irwin,167-61-5450,1931,9,7,4 Waubesa Street, ,San Jose,CA,95123,2017-11-24 13:58:17,2018-04-17 21:59:39
282,Welch,Anabel,Sinkinson,296-77-5556,1950,11,27,2345 Crest Line Hill, ,Lexington,KY,40515,2018-05-28 04:24:14,2017-12-29 13:21:28
283,Reeva,Tracie,Heinl,749-12-9499,1929,10,17,07650 Corry Drive, ,Kansas City,MO,64190,2017-06-23 15:55:53,2017-06-03 03:35:37
284,Lane,Barry,Reinisch,319-07-1554,1924,7,5,6 Dorton Terrace, ,Buffalo,NY,14276,2017-07-19 21:37:43,2018-06-12 03:03:30
285,Poppy,Cobby,Peaseman,471-55-6012,1901,11,5,24 Springs Place, ,Toledo,OH,43610,2017-07-04 11:12:03,2017-08-04 14:46:02
286,Etienne,Cassandra,Mc Faul,333-79-6092,1974,9,2,6 Randy Lane, ,Boise,ID,83732,2018-03-12 04:54:21,2018-03-30 09:57:22
287,Tucker,Chickie,Mallindine,501-81-5445,1935,8,17,89937 Green Ridge Avenue, ,Peoria,IL,61640,2018-06-24 17:25:27,2017-12-29 15:51:06
288,Glenn,Fianna,Coy,173-08-8586,1970,5,8,06 Hallows Parkway, ,Boca Raton,FL,33499,2017-08-02 00:38:16,2017-06-08 23:03:57
289,Mitchel,Johna,Edds,759-82-7377,2001,2,27,3 Swallow Lane, ,Aurora,CO,80044,2018-06-02 03:41:08,2017-08-27 15:39:49
290,Dedra,Hewie,Adey,502-60-4142,1941,1,2,130 Sachs Avenue, ,Cincinnati,OH,45208,2017-11-20 21:20:08,2017-09-16 00:23:28
291,Graehme,Shaine,Van Velden,407-57-4832,1992,10,7,2596 Oak Trail, ,Garland,TX,75049,2017-12-23 18:01:57,2017-05-08 01:49:28
292,Jeni,Klement,Alekseicik,247-04-2560,1956,2,22,2 American Plaza, ,El Paso,TX,79984,2018-02-11 10:07:00,2017-06-08 05:41:55
293,Tedda,Guy,Climpson,895-27-5270,1919,12,22,0 Lien Street, ,Pompano Beach,FL,33064,2018-01-01 08:06:59,2017-10-09 20:58:21
294,Brendis,Rem,Wathan,320-41-3315,1910,1,1,3 Maple Junction, ,New York City,NY,10170,2018-03-06 11:34:37,2017-10-28 10:50:00
295,Clovis,Valle,Peile,754-97-2057,1953,10,14,6500 Rowland Center, ,Eugene,OR,97405,2018-01-25 01:37:41,2018-06-24 23:39:24
296,Worthington,Petra,Bunford,560-53-5034,1903,12,3,2877 Cambridge Pass, ,Houston,TX,77201,2017-10-26 14:49:55,2018-01-26 13:37:46
297,Paolo,Layla,Svanini,425-39-6445,1965,4,25,1 Elgar Pass, ,Tucson,AZ,85737,2018-03-16 01:20:38,2018-03-05 22:49:48
298,Aguistin,Guillaume,Bulfield,785-72-7031,1990,6,24,5 Oakridge Terrace, ,Fayetteville,NC,28305,2018-07-12 06:26:39,2017-06-17 18:38:06
299,Harley,Janene,Davydzenko,730-46-2510,1936,2,21,9789 Merchant Place, ,Elmira,NY,14905,2018-04-14 07:40:19,2018-09-10 00:50:02
300,Gerardo,Frasquito,Cosely,617-16-9169,1933,10,15,83 Lawn Avenue, ,Erie,PA,16522,2018-05-13 04:15:32,2018-04-24 23:49:26
301,Liane,Gabriel,Scullion,268-25-5698,1944,8,19,03678 Steensland Lane, ,Kansas City,MO,64160,2018-04-14 19:57:03,2018-05-24 00:50:35
302,Stanislaus,Elle,Nurny,515-01-7788,1982,12,27,31 Merchant Way, ,Jamaica,NY,11499,2017-06-18 23:18:39,2017-09-03 19:35:04
303,Tucker,Wynny,Insley,538-81-1765,1941,12,4,1681 Fair Oaks Road, ,Honolulu,HI,96845,2017-08-07 03:16:41,2017-09-04 01:10:14
304,Esme,Ravi,Maletratt,488-11-3731,1982,6,2,730 Red Cloud Drive, ,Shreveport,LA,71166,2017-05-22 06:59:51,2017-05-31 23:52:58
305,Harriet,Lonny,Tomczak,401-62-0440,1904,2,2,477 Rowland Court, ,Greensboro,NC,27499,2017-08-07 08:13:22,2018-05-20 11:14:58
306,Hanny,Garth,Fiander,576-12-4486,1954,6,15,6183 Sunnyside Trail, ,Evansville,IN,47737,2018-05-12 01:55:58,2017-08-29 15:05:38
307,Dunstan,Aloisia,Patten,672-22-8731,1915,2,5,371 Wayridge Park, ,Frederick,MD,21705,2018-01-04 05:33:23,2018-07-19 01:28:46
308,Gearalt,Selina,Traice,614-25-1797,1942,9,9,47039 Mccormick Hill, ,Boston,MA,02109,2017-11-06 13:46:16,2018-01-20 16:36:03
309,Pancho,Dorelle,Gosford,705-84-6071,1921,7,25,0 Hanover Terrace, ,Colorado Springs,CO,80945,2017-05-06 11:05:09,2018-04-28 14:16:28
310,Kirstin,Malvina,Giorgetti,801-51-6494,1936,6,14,625 Leroy Trail, ,Jersey City,NJ,07305,2018-02-12 11:52:34,2018-07-29 10:16:35
311,Grace,Odell,Twiggs,214-94-7229,1996,7,15,32823 Kim Pass, ,Oklahoma City,OK,73119,2018-01-06 00:39:50,2017-10-14 09:11:08
312,Meir,Dallas,Coupman,122-94-3209,1925,9,11,5 Ruskin Junction, ,Albuquerque,NM,87201,2018-08-21 04:12:12,2017-11-15 01:23:28
313,Evangelia,Hendrika,Jopp,484-36-2925,1932,4,20,83845 Clove Drive, ,Appleton,WI,54915,2017-06-07 12:00:48,2018-07-18 04:10:49
314,Natividad,Genny,Stefi,483-60-0486,1987,4,4,39101 Dorton Park, ,Springfield,IL,62705,2018-04-26 23:39:44,2017-10-11 22:37:14
315,Kalila,Antonino,Santorini,280-11-5153,2007,4,18,475 Hanson Terrace, ,Raleigh,NC,27690,2017-07-25 19:12:54,2018-07-16 22:56:29
316,Trumann,Scarlett,Armatys,822-16-9098,1902,1,18,7 Farmco Drive, ,Virginia Beach,VA,23464,2018-04-05 21:02:23,2018-06-19 12:24:14
317,Dallon,Roselin,Ferri,294-69-8753,1921,3,3,3625 Chinook Pass, ,Bloomington,IN,47405,2018-07-15 10:42:24,2018-08-18 07:04:06
318,Sapphire,Ceil,McGonagle,688-64-6698,1945,5,19,1 Larry Avenue, ,Naples,FL,34114,2018-07-18 08:26:27,2018-06-17 00:36:49
319,Munmro,Clarine,Brogiotti,696-32-6457,1982,2,6,9 Pearson Court, ,New York City,NY,10184,2018-08-27 15:33:38,2018-01-05 14:43:53
320,Billi,Olympie,Gabby,482-27-7607,1909,5,7,02266 Kropf Terrace, ,Lakeland,FL,33805,2018-01-20 02:51:50,2017-08-20 01:11:39
321,Darrelle,Eda,Godbold,740-08-9335,1997,11,25,47017 Towne Lane, ,Seminole,FL,34642,2018-08-12 15:46:38,2017-06-11 02:46:53
322,Ray,Beulah,Kornousek,698-96-5414,1954,7,23,34 Crest Line Trail, ,Carol Stream,IL,60158,2018-08-29 10:34:31,2018-02-02 01:14:47
323,Graehme,Irvin,Onslow,348-48-3738,1957,11,2,870 Lyons Trail, ,Greensboro,NC,27415,2018-03-20 02:11:45,2017-12-06 00:51:40
324,Chauncey,Berkley,Williamson,248-08-9672,1960,2,19,51 Waywood Plaza, ,Syracuse,NY,13251,2017-07-18 20:39:10,2017-11-27 03:08:59
325,Emanuel,Carole,Pettersen,830-15-3615,1932,12,7,1225 Beilfuss Hill, ,Oklahoma City,OK,73197,2017-06-01 08:22:48,2018-08-18 01:16:58
326,Helaine,Sigfrid,Warcop,448-88-4839,2002,8,12,7466 Rieder Avenue, ,Birmingham,AL,35205,2018-07-12 17:46:46,2018-05-05 03:10:13
327,Theodor,Jecho,Jeavons,468-48-7786,1902,1,14,37852 Gina Hill, ,Springfield,IL,62711,2018-02-13 03:17:52,2018-01-06 18:56:18
328,Emmy,Gottfried,Mahaddie,449-05-2343,1993,2,16,0910 Goodland Court, ,Fort Wayne,IN,46805,2017-06-05 08:11:36,2017-07-16 11:48:57
329,Umberto,Moria,Ruusa,783-13-2075,1986,2,8,18 Killdeer Place, ,Hialeah,FL,33018,2017-07-02 08:25:22,2018-04-15 20:04:09
330,Jory,Veriee,Lukianovich,162-95-0727,1942,11,17,647 Donald Park, ,New York City,NY,10099,2017-10-23 23:16:16,2018-01-11 21:40:14
331,Irving,Benson,Repper,439-53-8945,1979,2,28,28 Calypso Parkway, ,Greenville,SC,29615,2018-06-21 14:18:18,2017-08-24 16:02:47
332,Cyrus,Broddy,Balcers,162-71-5145,1960,9,11,409 Oakridge Circle, ,Cincinnati,OH,45208,2017-06-18 23:31:41,2017-05-09 01:00:45
333,Edsel,Linnea,Blasing,332-99-2203,1931,5,24,65 Birchwood Pass, ,Houston,TX,77095,2017-05-02 11:46:55,2017-09-08 08:00:10
334,Almeria,Margalo,Baldree,108-93-6566,1907,8,25,785 Pierstorff Place, ,Fort Worth,TX,76115,2018-02-10 06:03:34,2017-11-08 01:18:59
335,Rickey,Wilton,Larmor,241-50-6491,1917,1,14,3 Sunbrook Lane, ,Fresno,CA,93740,2018-02-24 00:46:37,2017-12-02 10:46:09
336,Flory,Leontyne,Gegay,415-26-0233,1937,8,28,9539 Glendale Alley, ,New York City,NY,10125,2017-07-05 22:26:15,2017-05-16 06:40:26
337,Hewitt,Ursola,Sturdgess,387-96-0170,1969,12,5,814 Ridgeway Drive, ,Scottsdale,AZ,85271,2017-07-25 09:43:59,2017-11-24 14:44:24
338,Timmi,Verla,Cannings,747-27-7179,1997,5,14,4456 Gale Point, ,Atlanta,GA,30356,2018-01-01 19:40:28,2018-03-22 23:13:54
339,Stefanie,Harmony,Antonelli,425-42-4548,1955,6,14,34 Hintze Crossing, ,Roanoke,VA,24048,2017-12-14 10:10:12,2018-03-13 14:07:17
340,Barbee,Mic,Jaffray,402-28-2837,1988,2,5,4138 Walton Terrace, ,Saint Petersburg,FL,33710,2018-07-25 05:23:37,2018-07-30 00:06:38
341,Tessi,Evvy,Rowly,559-74-3133,2000,9,27,4765 Butterfield Street, ,Richmond,VA,23203,2017-05-27 12:58:15,2017-08-06 10:08:40
342,Bernie,Mona,Kindell,207-63-6879,2001,11,4,1315 Mcbride Trail, ,Washington,DC,20016,2018-05-09 22:15:16,2018-04-13 10:15:36
343,Kin,Donnell,Schleicher,239-01-0106,1952,12,6,54 Coolidge Pass, ,Idaho Falls,ID,83405,2018-04-15 07:16:46,2018-08-07 01:52:28
344,Amble,Barret,Ruzicka,252-86-1449,1959,2,28,7 Killdeer Road, ,Rochester,NY,14639,2018-02-03 02:26:12,2017-11-10 08:52:19
345,Sherm,Artemis,Heavy,144-97-4111,1924,6,13,7209 Oxford Circle, ,Raleigh,NC,27615,2018-06-15 11:52:38,2018-03-09 17:18:22
346,Lannie,Wally,Rosell,668-91-7772,1982,5,12,49321 Eagle Crest Way, ,San Francisco,CA,94105,2017-08-02 01:35:28,2017-06-16 22:57:05
347,Fancie,Faber,Collison,159-79-2010,1976,9,9,5 Pawling Way, ,Merrifield,VA,22119,2017-07-07 19:08:56,2017-06-25 04:05:11
348,Charo,Salomi,Holdren,876-63-0156,1945,11,7,000 Kenwood Street, ,Houston,TX,77276,2018-08-28 23:38:43,2018-01-02 21:37:49
349,Heath,Hardy,Abbess,205-76-3270,1974,4,15,93 Porter Pass, ,Baton Rouge,LA,70826,2018-07-26 09:43:46,2017-07-06 13:37:16
350,Maxwell,Marianne,Hurche,763-79-4407,1968,6,21,23 Steensland Terrace, ,Palmdale,CA,93591,2018-08-17 12:41:00,2017-11-19 20:06:52
351,Allyn,Ruby,Bourner,713-21-4043,1916,3,3,738 Anthes Drive, ,San Jose,CA,95113,2018-03-11 05:39:17,2018-06-05 15:55:05
352,Hattie,Pembroke,Bedow,166-83-1005,1941,12,19,012 Mayfield Trail, ,San Diego,CA,92153,2018-08-31 13:06:17,2017-11-18 08:03:04
353,Iris,Julee,Lambertazzi,435-64-8536,2008,8,4,02111 Goodland Pass, ,Chicago,IL,60641,2018-01-13 16:15:54,2017-07-20 03:20:38
354,Mufinella,Christabella,Dy,662-05-5592,1940,1,3,951 Mcguire Avenue, ,El Paso,TX,88569,2018-07-11 13:40:30,2018-03-03 04:56:11
355,Dolli,Arni,MacGowan,584-41-9479,1936,5,7,44 Glendale Terrace, ,Tulsa,OK,74133,2017-12-17 13:13:20,2018-05-08 00:09:48
356,Barr,Rickie,Farmar,217-94-4951,2009,11,8,3 Spenser Pass, ,Hartford,CT,06183,2017-12-13 18:43:18,2017-05-11 10:22:17
357,Vivia,Michal,Garrity,774-39-5312,1906,7,26,76 Helena Center, ,Lexington,KY,40546,2017-07-08 04:30:58,2017-12-12 06:58:20
358,Dara,Nikita,Fitzackerley,297-77-1142,1938,7,17,18 Donald Terrace, ,Salt Lake City,UT,84120,2018-01-27 08:49:38,2018-01-31 00:41:39
359,Emmy,Regen,Doncom,567-70-7294,1930,7,19,53954 Lakeland Court, ,Madison,WI,53716,2018-01-26 20:56:26,2018-08-05 10:38:33
360,Phaidra,Janessa,Twining,165-02-7127,1993,3,3,32 Holmberg Way, ,Denver,CO,80223,2018-08-09 04:08:34,2017-10-10 21:31:46
361,Jannel,Tanner,Overington,516-14-3461,1990,4,23,447 Swallow Trail, ,Tulsa,OK,74170,2017-11-20 16:10:10,2017-07-15 01:51:34
362,Madel,Allyn,Worge,653-34-9236,1905,7,20,38366 Utah Park, ,Odessa,TX,79764,2017-10-03 00:46:53,2018-05-09 17:58:43
363,Dulciana,Ernesto,Ivanchenkov,816-05-2337,1947,9,15,712 Karstens Junction, ,Chattanooga,TN,37450,2018-01-27 17:53:22,2018-03-18 07:36:14
364,Jennine,Beverly,Beamiss,147-45-7558,1921,5,23,7 Texas Point, ,Oklahoma City,OK,73179,2018-03-09 14:40:10,2018-07-18 02:20:45
365,Tracie,Marlon,Tommis,829-51-1433,1999,2,6,7 Rowland Alley, ,Houston,TX,77206,2017-07-25 22:02:55,2017-05-06 23:37:44
366,Janice,Lauree,Bruin,475-12-1140,1913,5,5,723 Kedzie Lane, ,Biloxi,MS,39534,2018-08-31 18:23:43,2018-03-03 22:25:39
367,Mitzi,Rolf,Parradice,504-83-0437,1989,7,8,9 Sachtjen Hill, ,Mount Vernon,NY,10557,2017-07-16 12:00:28,2018-04-08 08:19:44
368,Annadiana,Heall,Simmings,331-46-5640,1940,4,1,9 Sutherland Point, ,Louisville,KY,40280,2018-08-18 15:47:52,2017-10-22 10:25:28
369,Lester,Vergil,Quigg,564-19-7207,1902,3,1,69773 Basil Park, ,San Jose,CA,95173,2018-08-18 22:42:46,2018-09-09 06:52:36
370,Joe,Colman,Gatty,528-09-8083,1920,12,17,6064 Sunbrook Crossing, ,Savannah,GA,31416,2017-09-05 02:20:21,2018-01-08 16:43:21
371,Osmund,Hewe,Swarbrigg,745-76-7333,1906,1,8,25 Dixon Road, ,Pensacola,FL,32575,2018-06-28 08:49:16,2018-08-20 19:59:00
372,Tanney,Marylou,Riggott,302-18-3981,1959,2,25,2688 Talmadge Hill, ,Austin,TX,78783,2018-03-28 11:51:46,2017-11-07 09:04:24
373,Dierdre,Lockwood,Exroll,270-66-8082,1977,3,14,82 Schiller Center, ,Des Moines,IA,50305,2017-07-17 01:34:50,2018-05-10 08:06:25
374,Julieta,Glynnis,Karppi,177-73-7631,1989,1,4,3 Del Sol Circle, ,Buffalo,NY,14210,2017-07-06 05:41:47,2018-06-12 09:37:18
375,Osgood,Curtis,Bayliss,854-42-7628,2002,12,4,21206 Daystar Center, ,Virginia Beach,VA,23459,2017-07-01 14:13:55,2017-12-06 22:26:02
376,Stanleigh,Melicent,Kirvin,691-08-0655,1981,11,8,9 Forest Run Pass, ,Gainesville,FL,32605,2018-03-27 22:43:03,2018-02-02 03:15:31
377,Celeste,Cristabel,Carlet,663-67-7165,1947,7,26,0 Anzinger Street, ,Atlanta,GA,30328,2017-08-10 18:01:04,2017-07-08 15:59:09
378,Jackson,Cordell,Perrins,188-90-7174,1994,8,15,80 Sunbrook Terrace, ,Erie,PA,16565,2018-02-05 07:53:36,2017-10-29 19:31:24
379,Garland,Udale,Aven,308-79-7461,1957,8,14,4 Vernon Drive, ,Norcross,GA,30092,2018-09-02 17:08:30,2018-06-02 00:46:03
380,Kingston,Randell,Markushkin,742-05-2772,1978,12,8,40 Little Fleur Lane, ,Oklahoma City,OK,73179,2017-08-12 12:45:32,2018-06-12 10:07:43
381,Berry,Janifer,Blunderfield,451-34-7753,1915,12,4,36 Ridgeway Place, ,Jacksonville,FL,32244,2017-10-21 06:06:13,2018-04-18 14:07:19
382,Romona,Derrik,Studders,506-59-7539,1940,9,23,298 Fairview Street, ,Washington,DC,20414,2018-01-14 07:15:13,2017-10-28 15:23:27
383,Kiel,Angelita,Lacasa,117-79-9711,1976,7,24,6484 Duke Terrace, ,Raleigh,NC,27605,2018-02-03 09:06:06,2018-08-05 20:26:39
384,Brigid,Ravi,Kenningham,293-85-6485,1975,6,25,3853 Forest Junction, ,Pompano Beach,FL,33075,2018-08-22 13:55:13,2018-05-18 15:49:56
385,Emera,Norri,Grayson,828-82-4296,1964,11,4,722 Northview Court, ,Dallas,TX,75216,2017-06-11 02:58:24,2017-05-19 22:08:57
386,Tony,Riley,Marquand,812-71-1270,1957,10,1,3866 Golf Course Hill, ,Charlotte,NC,28242,2017-08-28 10:06:43,2017-07-25 14:38:34
387,Bondie,Paulie,Miebes,527-34-5220,2008,2,6,60 Bowman Circle, ,Jackson,MS,39296,2017-10-01 10:12:44,2017-05-21 10:21:52
388,Gilemette,Dorthy,McCambrois,842-25-6377,1963,8,4,28 Summerview Court, ,Escondido,CA,92030,2018-02-27 18:23:31,2018-02-13 10:38:46
389,Annetta,Colas,Richings,187-15-4761,1951,8,15,7 Jenifer Hill, ,Warren,MI,48092,2018-05-08 10:13:39,2018-08-21 02:26:26
390,Leanora,Roger,Kippling,451-57-7853,1940,11,7,8807 Novick Crossing, ,Gainesville,GA,30506,2018-02-11 20:46:09,2017-08-04 19:29:20
391,Christophe,Janette,Pietri,557-52-7722,1973,7,19,691 Holmberg Trail, ,Charleston,WV,25321,2017-07-28 21:38:00,2017-10-23 01:20:05
392,Aleen,Frederique,Tonsley,424-24-8107,1921,3,18,71667 Boyd Circle, ,Miami,FL,33134,2018-01-03 15:47:51,2018-04-01 08:52:49
393,Ricki,Mace,Bracey,856-47-4868,1914,5,5,2 Roth Road, ,Montgomery,AL,36109,2017-12-15 09:19:30,2018-02-21 22:01:35
394,Kristen,Petunia,Orable,781-42-2288,1904,7,20,7 Memorial Way, ,San Francisco,CA,94164,2017-12-28 14:26:34,2017-11-06 15:09:54
395,Ruthi,Selestina,Shord,605-55-1836,1913,9,3,78308 Spaight Circle, ,Shreveport,LA,71137,2017-09-16 08:08:22,2017-06-19 23:59:28
396,Suzette,Gwennie,Pargent,458-60-9302,1951,8,14,0 Acker Point, ,Buffalo,NY,14263,2017-10-12 19:26:46,2018-08-20 20:47:36
397,Gannon,Carmencita,Lottrington,875-28-8305,1991,8,2,62 Ohio Alley, ,Pasadena,CA,91125,2018-06-20 13:57:39,2017-09-25 22:56:06
398,Melisent,Morena,Tallboy,214-75-9566,2002,6,24,23334 Beilfuss Way, ,San Francisco,CA,94177,2017-12-29 21:16:53,2017-12-15 03:09:29
399,Nesta,Cortney,Quinnelly,830-82-5973,1906,11,4,89 Shelley Plaza, ,Brooklyn,NY,11254,2018-08-17 18:25:23,2018-03-02 06:41:04
400,Vin,Clive,Faraker,889-53-2809,1988,12,5,930 Becker Street, ,Decatur,GA,30089,2017-11-27 15:36:08,2017-05-25 13:10:07
401,Joye,Muhammad,Antic,709-10-5608,1918,9,18,7145 Armistice Crossing, ,Syracuse,NY,13251,2017-07-07 08:19:36,2017-09-20 20:55:07
402,Ashlee,Vita,Kliment,610-13-6153,1928,5,7,75800 Di Loreto Pass, ,New York City,NY,10004,2018-05-17 12:31:15,2018-05-10 14:35:34
403,Benito,Wilek,Edgcombe,144-30-6042,1930,8,23,6325 Butterfield Court, ,Manchester,NH,03105,2017-11-30 08:26:40,2017-06-12 09:23:30
404,Brice,Caitrin,Bardill,876-11-8447,1995,1,10,15 Meadow Valley Court, ,Wichita Falls,TX,76305,2017-10-01 20:02:30,2018-03-16 03:37:32
405,Della,Shea,Bruckental,779-14-1158,1926,7,16,05006 Iowa Parkway, ,San Jose,CA,95160,2017-05-25 06:34:24,2018-08-26 04:11:21
406,Darwin,Devinne,Giffkins,115-64-1384,1993,10,27,52 Prentice Way, ,Nashville,TN,37228,2017-11-01 11:20:15,2018-05-09 12:23:31
407,Ludwig,Kent,Duffree,225-59-4129,1956,6,15,81 Hintze Drive, ,Jamaica,NY,11407,2018-08-16 23:46:34,2017-12-28 05:34:42
408,Sheila-kathryn,Derrik,Kleinbaum,141-13-1336,1984,8,23,881 Aberg Lane, ,Newark,NJ,07188,2017-12-03 09:29:44,2018-01-19 17:20:22
409,Zacharie,Joachim,Bruno,483-39-0093,1914,11,25,46124 Redwing Road, ,Long Beach,CA,90831,2018-08-12 06:43:32,2017-08-23 05:22:43
410,Isobel,Zelig,Hanmore,414-52-0368,2002,2,19,3 Troy Road, ,Boston,MA,02208,2018-01-15 18:30:24,2018-04-10 10:00:43
411,Fabian,Lorettalorna,Cheers,733-67-3607,1942,10,15,518 Moose Plaza, ,Pasadena,CA,91117,2017-12-09 23:25:14,2018-03-20 16:19:17
412,Anitra,Florencia,Bernard,820-39-3307,2001,4,26,9 Emmet Court, ,Chicago,IL,60686,2017-11-21 08:31:08,2017-12-02 15:44:56
413,Euphemia,Willem,Ferrie,772-77-8201,1992,7,2,225 Tennyson Center, ,Youngstown,OH,44505,2017-11-26 12:19:45,2018-03-21 02:33:14
414,Galvin,Gerald,Schermick,361-48-5930,1961,12,11,046 Stone Corner Avenue, ,Indianapolis,IN,46247,2018-06-11 21:01:15,2017-08-23 20:21:22
415,Anatole,Mannie,Osichev,629-08-4777,1919,12,8,5 Pine View Terrace, ,Virginia Beach,VA,23471,2017-09-18 14:53:55,2017-12-02 00:03:05
416,Griffin,Gianna,Weins,872-52-7148,1933,12,2,397 Summer Ridge Junction, ,Washington,DC,20404,2018-05-20 08:31:38,2017-12-12 07:39:11
417,Igor,Coretta,Leatt,606-85-1474,1919,5,2,2506 Dixon Junction, ,Fairbanks,AK,99709,2017-11-07 00:03:38,2018-05-01 11:01:17
418,Noel,Augie,Cricket,688-97-5485,1914,4,18,772 Upham Junction, ,Anniston,AL,36205,2018-07-12 18:01:03,2017-05-26 03:55:55
419,Tersina,Caty,Peltz,671-02-6875,1902,12,23,8 Helena Drive, ,Chesapeake,VA,23324,2017-10-30 15:00:37,2018-04-25 02:48:04
420,Hyacinthie,Andria,Trice,568-18-8849,1909,3,2,59141 Lakewood Drive, ,Spring Hill,FL,34611,2018-04-26 19:20:19,2017-07-15 00:05:21
421,Ahmed,Birk,Norsister,164-38-5125,1934,5,11,69 Stone Corner Court, ,Baltimore,MD,21229,2017-12-21 12:07:44,2018-05-24 04:54:59
422,Gilli,Roxie,Mee,429-16-2414,1945,2,10,58248 Meadow Ridge Road, ,Washington,DC,20525,2018-05-12 12:27:51,2017-05-02 19:50:31
423,Garvey,Annabell,Roseveare,399-09-0439,1925,9,9,033 Memorial Court, ,San Antonio,TX,78245,2017-05-23 18:35:55,2018-02-08 15:51:41
424,Maurizio,Gerald,Nurdin,753-41-1266,1952,6,11,194 Darwin Circle, ,Los Angeles,CA,90060,2018-03-10 07:22:50,2017-11-08 06:56:24
425,Kellia,Godiva,Kryska,482-80-5929,1906,3,20,53813 Jackson Court, ,Sioux Falls,SD,57105,2018-05-07 22:08:37,2017-12-18 12:57:14
426,Owen,Mark,Sends,281-35-8014,2000,9,6,567 Fordem Park, ,Lincoln,NE,68510,2017-09-07 12:40:58,2018-04-07 18:07:34
427,Hale,Rici,Pirt,653-46-6506,1973,4,24,8916 Fremont Lane, ,Tuscaloosa,AL,35405,2018-08-17 13:59:55,2017-09-16 04:39:31
428,Keeley,Alvina,Ratlee,377-15-2122,1971,2,16,7 Messerschmidt Center, ,Miami,FL,33245,2017-08-26 01:45:47,2017-08-25 07:29:33
429,Griffy,Cissiee,Bareford,753-06-9645,2000,6,4,03 Corben Hill, ,Phoenix,AZ,85015,2017-07-30 16:28:27,2017-06-20 16:28:53
430,Vincents,Hall,Senechell,888-75-2537,1956,8,17,440 Eagle Crest Drive, ,Washington,DC,20557,2018-02-28 12:07:52,2017-07-19 13:49:57
431,Merry,Ricardo,Arrandale,245-08-0425,1935,3,13,783 Stephen Trail, ,Jamaica,NY,11470,2018-05-17 04:09:01,2017-05-23 18:02:17
432,Consuela,Chane,Collacombe,740-53-5054,1941,7,24,6 Ridge Oak Terrace, ,Baltimore,MD,21282,2017-12-23 06:28:57,2018-03-29 08:07:47
433,Vi,Gwenette,Behne,696-22-9453,1973,7,15,14779 Norway Maple Parkway, ,Seattle,WA,98195,2017-11-07 08:27:35,2017-07-17 11:00:28
434,Blakelee,Lotti,Lamerton,190-92-6129,1947,4,15,876 Melvin Avenue, ,Waterbury,CT,06705,2017-08-10 15:13:55,2017-07-08 06:59:38
435,Bren,Gorden,Olifaunt,868-46-7612,1953,2,26,24 Londonderry Lane, ,Wichita,KS,67230,2017-07-12 23:38:40,2017-05-28 21:26:24
436,Francene,Mariya,Moehler,111-12-1697,1946,3,1,1 Lake View Avenue, ,Myrtle Beach,SC,29579,2017-09-26 02:31:47,2017-06-14 06:08:25
437,Michaella,Lena,Ralfe,632-41-2129,1908,10,13,120 Heffernan Place, ,El Paso,TX,88574,2017-11-11 04:02:55,2018-03-31 08:07:20
438,Robinia,Karlyn,Forster,479-88-6077,1996,3,1,5 Kedzie Place, ,Burbank,CA,91505,2018-07-28 16:18:43,2017-08-22 18:07:34
439,Winny,Stevie,Rowney,738-14-5785,1940,6,20,4159 Weeping Birch Place, ,Grand Forks,ND,58207,2018-02-23 22:59:54,2017-10-20 12:34:09
440,Nadean,Darsey,Loncaster,443-37-3120,1995,6,13,09 Moland Circle, ,Biloxi,MS,39534,2017-10-10 07:39:46,2017-07-20 07:34:50
441,Michaeline,Alf,Storrah,299-77-7733,1975,9,13,72 Crowley Way, ,Springfield,IL,62756,2018-02-01 16:50:38,2018-07-28 09:20:53
442,Byram,Pietra,Castleman,211-42-6534,1992,4,22,1635 Waubesa Street, ,Saint Petersburg,FL,33705,2018-01-21 07:39:07,2017-12-03 07:30:53
443,Doro,Steffie,McClary,523-23-1268,1973,7,23,344 Dapin Place, ,Atlanta,GA,31119,2017-11-28 17:37:59,2018-07-22 00:23:30
444,Alison,Shir,Itzkovich,379-87-6658,1983,1,23,7382 Derek Road, ,Naples,FL,33963,2017-08-01 23:06:53,2018-07-31 02:42:39
445,Theo,Cleopatra,Betho,204-35-7673,2000,6,21,2 Troy Lane, ,Jacksonville,FL,32277,2018-03-11 00:27:58,2018-02-24 14:02:28
446,Erda,Cammy,Shuttell,698-07-8345,1972,3,1,98 Mifflin Terrace, ,Cambridge,MA,02142,2017-11-25 20:07:10,2017-06-24 13:35:57
447,Aryn,Chelsy,Ashbrook,511-37-7343,2003,3,19,9198 Heath Way, ,Boston,MA,02104,2017-05-07 14:05:55,2017-11-05 07:22:36
448,Pinchas,Sile,Message,342-30-6615,1955,2,2,2495 Dwight Drive, ,Syracuse,NY,13251,2018-07-01 22:00:30,2018-04-25 15:27:53
449,Perry,Herby,Dongles,449-12-1469,1910,9,21,64047 Green Ridge Pass, ,Houston,TX,77010,2017-06-22 09:35:52,2017-12-27 12:33:49
450,Linell,Yetta,Prinne,346-15-6369,1901,4,5,8 Hoard Street, ,Boca Raton,FL,33499,2017-09-19 23:31:46,2017-05-30 16:09:42
451,Deanna,Emilio,Rigglesford,795-13-8793,1930,4,22,29973 Westport Crossing, ,Tulsa,OK,74193,2017-12-26 23:22:26,2017-12-17 21:20:09
452,Ollie,Violette,Gritsunov,833-71-6954,1969,12,1,14482 Sutherland Avenue, ,Torrance,CA,90505,2018-07-07 05:54:45,2017-12-21 06:53:22
453,Barry,Abby,Eringey,750-76-7696,1999,11,24,48971 Elgar Junction, ,Cumming,GA,30130,2018-07-05 14:55:15,2017-08-29 22:42:33
454,Wiatt,Tobit,Fagan,227-53-5628,1910,10,1,33340 Hollow Ridge Street, ,Lubbock,TX,79491,2017-08-10 18:24:01,2018-06-26 19:22:57
455,Benedikt,Rene,Jenton,310-15-2078,1991,2,18,7595 Randy Terrace, ,Boise,ID,83716,2018-06-08 07:07:10,2017-08-16 03:17:22
456,Brantley,Ferne,Kleis,440-65-9274,1925,4,26,99001 Bashford Pass, ,Atlanta,GA,30356,2018-05-27 12:08:55,2018-08-09 03:37:30
457,Adan,Ferris,Mellmer,681-85-8611,1933,9,4,751 Farragut Circle, ,Buffalo,NY,14225,2017-05-11 01:38:42,2018-07-03 15:46:25
458,Conway,Hyacinth,Poone,458-85-9354,1947,5,18,73 Haas Road, ,Harrisburg,PA,17126,2017-09-07 03:07:51,2017-05-26 00:20:29
459,Rois,Maurits,Adamiec,677-13-8865,1999,4,23,40 Victoria Hill, ,North Little Rock,AR,72118,2017-09-08 16:20:39,2018-01-21 03:09:53
460,Luigi,Garey,Larwood,716-26-7241,1910,11,1,7538 Northview Court, ,Springfield,MA,01114,2018-02-27 16:03:55,2017-12-07 07:22:57
461,Kim,Shea,Bater,711-01-8001,1938,7,18,152 Sutherland Trail, ,Minneapolis,MN,55458,2017-10-06 20:07:18,2018-08-12 11:35:51
462,Cherise,Salvador,Robard,379-72-6355,1934,3,19,05 Reinke Hill, ,Jefferson City,MO,65105,2018-09-06 13:22:20,2018-01-01 22:52:35
463,Megan,Janeen,Dyerson,798-83-7654,2009,8,3,6 Rockefeller Way, ,Shawnee Mission,KS,66205,2017-07-19 13:13:08,2018-08-31 10:49:21
464,Jeramie,Dominique,Feeley,201-91-1141,1933,12,20,3 Loeprich Plaza, ,Washington,DC,20205,2017-11-18 06:06:10,2018-08-07 07:13:00
465,Garrick,Alan,Clair,296-52-1559,1941,7,28,4 Messerschmidt Place, ,Columbus,OH,43220,2018-04-28 11:15:13,2018-07-17 03:02:49
466,Pail,Dominik,Tulloch,809-79-9185,1936,10,6,376 Valley Edge Street, ,Washington,DC,20436,2018-02-17 04:17:28,2018-02-06 09:28:49
467,Genovera,Ara,Pugsley,478-30-8842,1950,10,2,6542 Morning Terrace, ,Albuquerque,NM,87190,2017-11-06 05:04:00,2017-08-25 04:46:59
468,Morgan,Kaylee,Krolle,555-51-2866,2002,5,13,66336 Red Cloud Parkway, ,Springfield,IL,62718,2018-03-17 21:06:08,2017-12-22 10:58:38
469,Claudian,Taffy,Abrahamsohn,863-88-7839,1935,12,11,43876 Shoshone Court, ,Portland,OR,97286,2017-07-18 21:24:20,2018-04-14 19:05:02
470,Ronalda,Giulietta,Alelsandrovich,417-91-1387,1976,9,15,7651 Erie Terrace, ,Minneapolis,MN,55402,2017-05-31 02:16:03,2018-07-03 23:57:08
471,Vonny,Terese,Haug,886-04-3415,1943,11,19,7955 3rd Avenue, ,Topeka,KS,66606,2018-09-06 14:02:08,2017-09-19 11:12:30
472,Daryle,Augustus,Deal,468-19-5428,1984,2,14,8 Golden Leaf Place, ,Washington,DC,20041,2017-09-24 07:32:17,2018-05-12 10:23:41
473,Lexi,Cointon,Hasslocher,842-13-7917,1962,6,11,754 North Circle, ,Evanston,IL,60208,2017-05-11 07:08:21,2017-11-17 16:13:36
474,Mareah,Darlene,Stooke,458-68-1862,1957,10,17,26320 Summit Circle, ,San Antonio,TX,78240,2017-11-28 13:04:11,2018-05-07 21:15:42
475,Othilie,Eddie,Langtree,813-78-5686,1921,1,21,260 Waywood Avenue, ,Norman,OK,73071,2017-07-04 05:30:58,2018-04-28 05:55:11
476,Merrili,Lyndell,Otson,412-02-9606,1907,11,21,8403 Twin Pines Place, ,Dayton,OH,45419,2017-07-20 21:26:16,2018-08-08 21:47:30
477,Augustus,Ripley,Bisco,348-58-2417,2010,2,7,15731 Karstens Terrace, ,Toledo,OH,43635,2017-05-13 03:27:33,2018-06-13 18:06:41
478,Gaven,Emanuel,Roft,875-68-0204,2003,10,10,63 Manley Park, ,Columbia,SC,29215,2018-03-27 14:56:58,2017-05-30 02:18:20
479,Aguste,Nettie,Proske,880-03-6864,1911,1,15,28930 Lakeland Hill, ,Lexington,KY,40576,2018-09-02 11:04:35,2017-09-19 12:19:42
480,Brion,Amalie,Jurewicz,850-87-3809,1974,8,2,0 Onsgard Court, ,Huntington,WV,25716,2018-08-16 10:52:58,2018-08-23 23:26:45
481,Maury,Lyle,Wooddisse,156-63-1387,1909,1,5,165 Schmedeman Way, ,Columbus,OH,43226,2017-09-20 01:08:48,2017-07-24 09:54:21
482,Inesita,Toby,Minchi,629-51-2728,1993,1,20,87604 Di Loreto Park, ,Sarasota,FL,34238,2017-05-11 02:14:47,2017-11-16 05:06:45
483,Lisetta,Shelby,Treadaway,791-80-1681,1951,3,21,72 Warrior Crossing, ,Asheville,NC,28805,2018-04-28 23:55:35,2017-12-28 07:45:54
484,Freedman,Ferdinanda,Medley,371-20-5499,1912,9,14,85942 Myrtle Junction, ,Terre Haute,IN,47812,2017-09-01 10:26:12,2017-08-26 14:17:05
485,Evelina,Zelda,Alf,704-26-7134,1930,9,12,623 Butternut Alley, ,Sacramento,CA,95828,2018-04-08 01:38:41,2017-06-05 04:22:00
486,Noni,Moore,MacFadin,495-43-7473,2008,9,8,205 Mesta Center, ,Jacksonville,FL,32277,2018-03-21 18:23:51,2017-06-04 01:29:20
487,Sher,Ardeen,Berridge,745-42-4696,2005,7,26,21 Mockingbird Circle, ,Arlington,VA,22244,2017-10-30 15:50:54,2017-06-09 23:54:26
488,Fionna,Malena,Bunch,151-01-4014,1908,12,15,79 Hoepker Place, ,New York City,NY,10110,2017-09-10 19:00:06,2017-06-24 19:22:50
489,Lanny,Magnum,Eagan,848-31-4480,1949,5,5,8050 Butterfield Hill, ,El Paso,TX,79955,2018-01-14 04:18:52,2018-02-23 21:51:27
490,Chelsea,Willamina,Hummerston,899-27-5368,1990,1,24,7 Parkside Road, ,Saint Petersburg,FL,33731,2018-01-21 12:00:29,2017-12-31 15:22:45
491,Guenna,Stern,Assiratti,620-95-8074,2002,9,25,4 Barnett Circle, ,Boynton Beach,FL,33436,2017-12-13 03:10:21,2018-01-16 14:22:57
492,Son,Noellyn,Boscott,230-13-1496,1943,12,28,0 Duke Lane, ,Jamaica,NY,11436,2018-05-12 16:29:53,2018-07-17 08:06:25
493,Aubry,Quinlan,Grinstead,443-47-0579,1944,5,19,868 Sage Circle, ,Trenton,NJ,08638,2018-07-26 10:05:34,2018-04-21 18:46:52
494,Jecho,Janeva,Mallindine,445-40-0559,1970,6,25,6489 Independence Junction, ,Las Vegas,NV,89120,2017-12-01 04:09:40,2018-08-21 03:25:37
495,Alyse,Delmor,Cockell,664-11-9513,1957,2,24,67 Scofield Crossing, ,Topeka,KS,66667,2017-06-04 06:47:57,2017-07-05 15:29:45
496,Vite,Valentina,Redley,117-11-7951,1959,3,13,3214 Drewry Hill, ,Dallas,TX,75231,2018-03-12 12:59:49,2018-05-30 10:56:25
497,Ethelbert,Zuzana,Allett,327-31-7929,1911,8,3,3 Golf Terrace, ,Austin,TX,78759,2018-04-01 01:54:04,2017-05-13 05:42:26
498,Agnesse,Leshia,Pikhno,142-48-2064,1908,9,23,676 6th Parkway, ,Lansing,MI,48930,2017-10-30 13:35:25,2018-03-24 07:16:09
499,Tiffi,Donnell,D'Onise,691-39-6613,1973,8,28,210 Vermont Terrace, ,Peoria,IL,61656,2017-12-19 08:40:08,2017-05-25 08:41:35
500,Trueman,Chanda,Layzell,281-62-1714,1980,8,7,89166 Northview Point, ,Rochester,NY,14619,2018-08-30 16:45:19,2017-11-19 22:59:16
