id,patient_id,amount,authcode,currency,captured,type
1,24,112295,004f2f91-c779-4ca9-bf66-cbab4e4cbc36,USD,TRUE,switch
2,175,39816,9974121e-e0b3-40b2-b871-a04a17d79746,USD,FALSE,mastercard
3,76,115515,27d4a933-f2d9-4ac6-8b92-838ad6b9b50d,USD,TRUE,americanexpress
4,297,85694,50d87af4-1b93-4dce-813a-806dbf89c609,USD,TRUE,americanexpress
5,387,147983,69dbb8b5-2f20-4e8d-b3b9-874f09ede88d,USD,TRUE,jcb
6,445,132003,80219adf-e38b-4852-af18-b76ed64432c1,USD,FALSE,mastercard
7,74,106508,01fcf55b-bb88-411d-a16d-d94ba11f49c4,USD,TRUE,switch
8,196,141047,e677e7fb-85a8-4f29-a659-695c99eed568,USD,TRUE,jcb
9,428,145445,18a4df37-23b0-45ea-b165-97447e3e6472,USD,FALSE,diners-club-enroute
10,175,69847,6cec1d0f-84ee-4bae-bddf-bbe8644ea867,USD,TRUE,diners-club-carte-blanche
11,384,170497,5969f025-b3b9-4fa6-97fa-c4b924b03d04,USD,TRUE,switch
12,261,70864,9181c67a-e2a7-4918-a2ef-ba46a9f47877,USD,TRUE,visa-electron
13,127,17419,2e628fd6-89df-4a12-a919-1209b4c10022,USD,FALSE,jcb
14,400,107916,7a8bba13-2078-458b-b56b-b8729a18983c,USD,TRUE,jcb
15,304,125587,fabce523-a855-4f9b-8d1d-4adcf37d4a3b,USD,FALSE,americanexpress
16,266,124821,d4f93345-3fc4-4d3c-8ae4-c87e568469d9,USD,FALSE,jcb
17,189,149942,d5eae225-1016-482e-b5b7-c22a88468e12,USD,TRUE,jcb
18,45,2324,20a7d954-e53b-48a5-94e6-4de55fa68af2,USD,TRUE,bankcard
19,408,81012,cdb89b17-de27-4354-888e-7d9a2e1ac690,USD,TRUE,maestro
20,121,166716,b2c33ab7-0096-424f-894b-0a746519e1f8,USD,TRUE,switch
21,340,48100,88a27c5c-895b-40d4-9c83-982d5666a6c1,USD,FALSE,jcb
22,466,139400,75a94fe0-39f7-4b14-bc96-a0ec4f2fba59,USD,TRUE,china-unionpay
23,322,194203,2d7910dd-88ec-4a27-ad74-0ce8ccac40e0,USD,FALSE,bankcard
24,313,102161,7d30734d-a6a5-49d1-9136-984af89494ee,USD,FALSE,visa
25,109,40475,6e50e605-87ac-48f0-b24e-3ddba02b63bb,USD,FALSE,bankcard
26,216,120943,4efdeba4-69aa-4906-bff6-5897c80e2109,USD,TRUE,visa-electron
27,13,137503,54bc7935-1af2-4755-a124-0d2e569cc055,USD,TRUE,jcb
28,473,182887,d977f2c0-8916-43f8-9645-1cf420422aba,USD,TRUE,jcb
29,355,123012,cc61fbe6-4cc8-44cb-b372-0d905ac54f8c,USD,TRUE,jcb
30,19,90895,6cfe8063-4f94-42bb-b8a9-584b94604693,USD,TRUE,visa
31,345,167580,2e62dd6b-4d71-456e-9887-655f3f2cbe19,USD,FALSE,jcb
32,299,25756,85f87ab7-85df-41c3-ae22-c3be03e68470,USD,TRUE,laser
33,277,105813,bf3d26c4-9a51-404a-b059-413dfb149c3c,USD,TRUE,switch
34,306,25467,1c951644-3a50-4bb9-b51f-4abbe4e69246,USD,TRUE,switch
35,235,159622,8ff2384a-009b-4388-b0a1-b53cf622b8c6,USD,TRUE,jcb
36,9,110842,5dc88f9f-fa7f-441f-b9e3-4750b4f46fde,USD,FALSE,maestro
37,102,102927,fc8f2756-e5a3-46db-a375-96456e965806,USD,TRUE,jcb
38,386,147319,d7c7b8fc-7ed5-46f2-a63b-f65c474d89c4,USD,TRUE,mastercard
39,6,128806,b8ba2fc4-08ab-4a90-9e98-6dfdc9d64f6b,USD,TRUE,jcb
40,9,24202,5c8ea4a1-71d6-4866-a378-12a35cf23dd4,USD,TRUE,jcb
41,172,125128,ded3ad2e-3e42-46fb-bedd-0c12bca8e467,USD,FALSE,china-unionpay
42,349,147550,8688ebd9-ac05-48f7-89f1-fcd08a64e5f6,USD,FALSE,china-unionpay
43,104,46569,0a3eba71-847d-4e23-9153-1df25463c124,USD,FALSE,switch
44,7,146975,8f1e95b1-2a52-4268-bff6-e1bb6d115053,USD,FALSE,solo
45,351,112112,25478cff-9418-4a39-8f7c-ab1261cda4f4,USD,FALSE,jcb
46,5,157706,a64b00e7-55f6-4168-8c03-f8adf2245ecd,USD,FALSE,laser
47,415,177701,3216a3ab-e08a-4f5d-a920-c3b119d8a467,USD,FALSE,jcb
48,74,196129,06b0ab8f-4caa-47d2-b24e-b0fdc9a3447c,USD,FALSE,jcb
49,73,30776,ced5f4a1-09c9-4e54-ac9c-ec0fc1fd3dee,USD,TRUE,americanexpress
50,178,125864,8aa5179e-6209-4f91-99ed-407b698bd997,USD,FALSE,jcb
51,130,29401,865b7fed-8ea4-47f8-b773-51a67bc9921b,USD,TRUE,jcb
52,342,65746,afb57f8f-5e57-46c7-b6dd-34a126c8a7f1,USD,TRUE,diners-club-carte-blanche
53,99,37214,31c47d91-ebb6-489b-a500-8468dcf102d2,USD,TRUE,visa
54,405,65564,dc9bc3b1-3358-4e87-bd6b-8b36e8f34e3f,USD,TRUE,jcb
55,68,21229,a8c21e18-b464-4ff5-a963-a7d64779ac0f,USD,TRUE,jcb
56,204,17640,1b58d17b-f57e-4d31-b66f-5247c4198e97,USD,FALSE,jcb
57,359,151791,32ed4e4d-07c4-478b-bece-cf2d35662c01,USD,TRUE,solo
58,359,75328,d1814044-29e0-4b38-b3f0-b7b85133b64c,USD,FALSE,jcb
59,182,77923,25077e11-9db5-4b0e-b3f0-368f3ab579e5,USD,FALSE,jcb
60,103,87128,6f4045fd-1913-407d-9bcc-641d8048ccea,USD,TRUE,jcb
61,251,16644,6d8af2af-61f6-46dc-8678-1e3ba33788a7,USD,TRUE,visa-electron
62,83,160542,b6b99045-dc0a-4361-ade6-e276369022c1,USD,FALSE,switch
63,406,185718,6e80e02e-79a3-416b-926f-98055684ef27,USD,TRUE,maestro
64,331,6497,89e8765e-2771-4dea-9f9e-6b7a5289eb2e,USD,TRUE,instapayment
65,204,104897,f8aa45bb-8e33-46cf-8ee5-7fddd707ed9e,USD,FALSE,visa-electron
66,129,114224,5a203f13-5fc6-43a3-b392-6d981906ec6c,USD,TRUE,china-unionpay
67,211,41049,84f2894d-9bb9-4f72-95ee-6d7b65c8d3e2,USD,TRUE,switch
68,51,13638,41bcf308-55a8-4707-bd0d-a62660dafbbe,USD,FALSE,switch
69,189,149614,f35c285a-272c-4fc6-a783-95e523d45797,USD,FALSE,china-unionpay
70,290,155090,209b2fe4-4e54-4fc4-9206-08b405526218,USD,FALSE,mastercard
71,166,34992,16a3b012-a08c-4760-8e5e-a626cda9d9a6,USD,FALSE,jcb
72,231,6747,dc2c3eaa-81fe-4ac5-94d8-5787274846b6,USD,TRUE,instapayment
73,129,47514,0e9d5c46-5c2e-4e5f-9ff1-d55739b4ad99,USD,TRUE,jcb
74,425,191311,f901d669-0efe-4bd9-bf4e-192b146fb79a,USD,TRUE,instapayment
75,355,143959,8de05291-d80c-4218-88b3-f657cdfbd36b,USD,TRUE,jcb
76,442,190354,6403e7ff-c379-4a27-b7b8-3b01cf715d41,USD,TRUE,mastercard
77,388,84954,7815fe41-0d1a-466a-afa9-95c15adf2873,USD,FALSE,jcb
78,433,1548,5152ac5d-34bf-47cb-b68c-d6cddbc7f245,USD,TRUE,jcb
79,259,188743,7f6bdb5e-4204-4f73-a887-6fb4cb8859ea,USD,FALSE,jcb
80,428,4328,f8f840ab-7457-4ce8-a1af-6bd7beb83b5d,USD,TRUE,switch
81,398,62348,d0475e37-c264-422f-ba42-9e3e2ea9f837,USD,TRUE,laser
82,121,130467,cbe3a401-7703-461e-8dc5-d77e31ffe4c7,USD,TRUE,jcb
83,54,132255,1e31e543-a2ef-4701-a60c-91a5cdb6c3d8,USD,TRUE,visa-electron
84,235,126636,f96870d2-d797-4bd2-914a-5241114ec055,USD,FALSE,mastercard
85,119,94835,dc1f3c57-ece0-4f00-ae83-aeeda4324b14,USD,FALSE,diners-club-carte-blanche
86,130,13053,cfb21aaf-cde0-4182-87d7-4b8742cdb71b,USD,TRUE,visa-electron
87,360,189619,e79bdfe4-7cb5-4adf-b1c7-d5447d54bfe4,USD,FALSE,maestro
88,286,57234,5aaa10fb-1cab-4304-841f-57c7740e5d46,USD,FALSE,diners-club-carte-blanche
89,179,69488,6976c17f-d0d8-41b8-9643-e9f385525860,USD,TRUE,jcb
90,328,74580,fc0ef2d9-672c-49f6-a405-71f8d42683f1,USD,TRUE,jcb
91,257,75291,b56a75fd-d9b8-4a6d-9b0f-f49519e021f0,USD,FALSE,jcb
92,141,63827,9a8b3528-080e-4932-a706-45ec7be1c8b3,USD,FALSE,maestro
93,171,32530,96e4404f-62d8-48be-9081-e2ae583737ff,USD,FALSE,maestro
94,446,113033,027a35b3-7599-4951-a5f5-16c74b92b499,USD,TRUE,americanexpress
95,156,76033,dffe3008-cea3-4f37-8ba1-df98797aa331,USD,TRUE,switch
96,142,48118,7090456c-fbcf-48b8-8891-6c4480b1b4ae,USD,TRUE,diners-club-enroute
97,64,151158,5a21b755-2632-4ffb-a6de-9ee0bef28bbc,USD,TRUE,switch
98,303,49476,23881619-70ef-4f77-88ae-6c9957397fb5,USD,TRUE,visa
99,148,77650,4d235219-8bfe-4a80-9291-66bc74c567e4,USD,TRUE,bankcard
100,249,32505,53402119-39f7-434a-bef4-051df6403e90,USD,TRUE,jcb
101,226,61264,025060df-9081-4048-b610-a47054fa57dc,USD,FALSE,jcb
102,224,77926,1a3bbdcd-4ede-4413-b179-5ccd4fe78c44,USD,FALSE,diners-club-carte-blanche
103,226,78100,90aab477-8bd0-42e4-a74d-fbd0491733d7,USD,FALSE,jcb
104,78,171473,c903741e-79f2-49ea-a0f7-46b44d6e1e4a,USD,FALSE,jcb
105,209,183434,cd456dae-a2f9-4788-809e-1caa9228b47e,USD,TRUE,china-unionpay
106,374,100875,f546c3ce-0bb0-4414-bf49-d5f99e983ac8,USD,TRUE,jcb
107,457,2008,d5dcef31-ecd2-447d-b11a-fe8239c0d2d6,USD,FALSE,laser
108,247,140484,17d9a9de-47ae-411d-8318-ef004ab90de1,USD,TRUE,diners-club-enroute
109,33,105837,ca4c40b8-52ae-4dc2-98a6-1d1590896eaa,USD,FALSE,jcb
110,348,80870,781b5ef6-a960-45c3-b7ae-fa42d5871028,USD,TRUE,visa-electron
111,168,114946,ed90540e-13b0-4e3b-b8c2-9120aa92dfb1,USD,TRUE,maestro
112,115,32717,04d18af2-74f6-4a4e-a63d-f8094162e7c8,USD,FALSE,laser
113,76,89762,4d255682-68ab-446f-9031-cd19b68d4ad8,USD,FALSE,jcb
114,337,106957,7e90faca-123b-46a6-814c-aa6e32d0bc30,USD,TRUE,jcb
115,283,29499,68d9df96-6508-4a5f-8826-9dcfb773e8c1,USD,FALSE,china-unionpay
116,107,149931,6da61c3d-6e6c-4d42-9f0b-eb65df426c03,USD,FALSE,jcb
117,136,140674,16b0ec9a-ee9a-4db3-86b2-6cb45fc0d996,USD,FALSE,visa-electron
118,156,87357,4266e180-1729-4fee-8dc1-f134166dfb56,USD,TRUE,jcb
119,322,84318,628c40f4-15d3-47a3-a21b-cf61f796743f,USD,FALSE,laser
120,38,92320,64d24d09-fccf-4b9d-9197-194b6670258e,USD,FALSE,jcb
121,20,6485,ff6582ff-6052-4bd5-baa6-a8cc61964ab7,USD,TRUE,jcb
122,136,18399,24ec2e13-c3ea-4a99-bb40-d64c5ca2412e,USD,TRUE,mastercard
123,398,17777,197adfbc-c240-4dce-8e66-b4d939a05394,USD,TRUE,jcb
124,55,38004,4615f996-4b3d-4908-9214-a26d58129893,USD,TRUE,maestro
125,311,30646,8d3f2f7d-f057-4b84-bdf9-bf4ddbcfc333,USD,FALSE,jcb
126,458,23347,e174849c-ce6f-4116-81a1-ad17f518f950,USD,TRUE,mastercard
127,68,33087,afa39086-a5f6-4810-a1e3-0899b718fa8b,USD,FALSE,jcb
128,162,99981,d51c54cc-7ec8-49e9-bee0-20b6c7aaab40,USD,FALSE,maestro
129,44,44394,76565854-c697-4629-8307-ecaa6524c902,USD,TRUE,jcb
130,355,17398,cdcd0c4c-7538-4fba-a0e5-30c71dcb5660,USD,TRUE,visa
131,70,168218,e6c9d44a-1fa3-43c1-b18e-b6b64d678c5e,USD,TRUE,jcb
132,457,42324,250141ae-3812-499e-bb36-b92edf6df956,USD,FALSE,visa-electron
133,60,123772,ede473c9-7432-4103-9619-0efe4fc72363,USD,FALSE,maestro
134,381,180663,fe7b71ab-28ef-4aa4-afd9-0c3c91d05354,USD,FALSE,diners-club-us-ca
135,275,163939,819e5bd3-1169-44ab-9bd8-b894aa7959bb,USD,FALSE,diners-club-carte-blanche
136,21,195776,a1402865-9809-4690-9dbe-e8a3091f9acc,USD,FALSE,jcb
137,112,144092,15a396e2-05d3-489a-af91-11210eeb842d,USD,FALSE,china-unionpay
138,285,92435,0dda6ede-08a0-4f7a-91a6-e20a3beb260d,USD,TRUE,diners-club-enroute
139,258,116964,9b488088-546d-4d34-aaf7-6ed94f66e34b,USD,TRUE,maestro
140,414,103370,80797e97-1dd4-4443-a4f0-8ebedbca0f12,USD,TRUE,jcb
141,468,61492,9399b81b-e83e-48af-b451-4d31ff3bfe32,USD,FALSE,solo
142,113,177660,e7f6eed1-80c5-44a5-a9c8-89da60ccf29f,USD,TRUE,jcb
143,214,198580,b804c3bd-2e04-4e13-aab5-b93d135f7533,USD,TRUE,maestro
144,312,181057,66ef14d1-1c41-4d3d-b344-683fabbdfcf5,USD,TRUE,jcb
145,58,175902,e4266675-aa51-4c8d-aec8-4d49eeeb29e3,USD,TRUE,jcb
146,131,103081,16649128-2743-4c46-9102-d3407222067a,USD,TRUE,mastercard
147,500,159907,3979e24d-3bc9-44ba-b618-5a75bd46184f,USD,TRUE,visa-electron
148,204,169273,f63751eb-139c-4bc8-aa3e-196e92c77f2f,USD,FALSE,switch
149,56,13107,f4468c6c-65ab-400e-9795-b4531d6cf7a2,USD,FALSE,jcb
150,322,8814,21c612c5-2304-4dac-9e08-4810341292c2,USD,FALSE,mastercard
151,5,9574,3f7f1586-8aa0-4ead-9835-d5cd6b494e10,USD,TRUE,bankcard
152,55,52259,e0824514-9bf8-4bbb-ab21-57a38e7fb7d0,USD,TRUE,jcb
153,362,88840,624e4f96-40ed-4c1b-a05b-0eb9944f4bc7,USD,FALSE,jcb
154,248,13383,b21a33b2-8283-46eb-af43-0af5a752e2c9,USD,TRUE,jcb
155,270,28141,f8028528-02b4-48b0-b05f-7793d88d5feb,USD,TRUE,switch
156,27,17874,2bafe27d-3415-4690-9873-b88b14b0dc0d,USD,FALSE,switch
157,283,19079,d20c5994-f52a-49bb-8159-d7771762a370,USD,FALSE,switch
158,393,57813,6ae6066b-3c7a-4e8a-8a75-c497be9049b4,USD,FALSE,bankcard
159,250,143814,78b47428-7695-4ff9-a9b1-52662b4c3f62,USD,TRUE,jcb
160,222,10382,641532ea-6bfc-4dd2-a953-52678cca14bc,USD,FALSE,maestro
161,24,9736,6188a49d-dd83-4b39-8e31-902b2a286e0c,USD,FALSE,jcb
162,483,29943,6c7ae0cb-4b73-43ac-ac4e-9746277914c7,USD,TRUE,jcb
163,424,119412,a42c7c99-58e9-4612-be07-4f77ac6ecc91,USD,FALSE,jcb
164,24,146133,4b4f4a67-f234-4dfe-9ac7-b593a3481be3,USD,FALSE,jcb
165,481,159212,6d723845-622e-46d0-be7d-dcb9642ce8c5,USD,TRUE,china-unionpay
166,386,194769,860f24ad-53dc-4aae-9caa-b43b22d26d42,USD,FALSE,laser
167,471,84696,ab9fbffd-764b-484d-a4a8-b850d84069bf,USD,FALSE,jcb
168,459,79736,189874e1-72c3-4a18-aca4-d5a415d2b545,USD,FALSE,jcb
169,217,86762,39595a6e-65ea-45ba-9ac3-d1a1de81b83a,USD,FALSE,jcb
170,138,3136,77e5044d-ce00-42e6-b2a0-c92a2db1ef7c,USD,FALSE,diners-club-enroute
171,467,13023,a4d88199-205c-4e6f-9632-79aa62c135c4,USD,TRUE,jcb
172,330,105873,f22e5add-036e-42a2-ad5f-4a516339c385,USD,FALSE,diners-club-carte-blanche
173,75,99159,5f2a9b4e-f792-4e02-a6f1-26b9d679d532,USD,FALSE,mastercard
174,330,172937,8d1f4c5e-1b90-4edc-a94d-49182afebe2b,USD,TRUE,china-unionpay
175,274,83226,47be0ec9-ae14-4640-b9ee-1454a29b618b,USD,FALSE,jcb
176,53,35314,62d269f5-93f0-4de9-8c84-301aef96ce7b,USD,FALSE,maestro
177,351,145238,c0c1b074-c04f-43be-8fc1-916e1e56395a,USD,FALSE,mastercard
178,465,88169,eb0f17a0-abea-4811-aebf-ea907c77ab19,USD,FALSE,jcb
179,385,198220,bc971b2e-304d-442a-baba-71a942a950af,USD,TRUE,visa
180,412,102524,adf97b48-c43a-481f-87cc-d8a3369b548e,USD,FALSE,solo
181,190,111201,6f6179e6-462b-44ce-b521-6e760ef29fa9,USD,TRUE,china-unionpay
182,479,63044,f9ba3740-84c0-4034-8a32-3d1236660158,USD,FALSE,bankcard
183,355,128822,d615fc44-4f96-4d19-a7f0-8fb2b73f52d0,USD,TRUE,jcb
184,366,91498,55e7694c-60da-413d-b864-6399eb8a9a27,USD,FALSE,diners-club-carte-blanche
185,37,59245,becd9215-3543-4da0-8429-3e2df32f1aa0,USD,FALSE,laser
186,429,114851,fb02ed5c-c1ae-419d-989e-37f833fa5519,USD,FALSE,diners-club-enroute
187,408,46693,4bbbfa07-15fe-415b-b6e4-f84c8f2765ca,USD,TRUE,jcb
188,10,164905,e0c68b76-4819-4e2b-a505-1d4917d6a98f,USD,FALSE,jcb
189,371,170439,e02cb2a1-b93a-4f17-b69b-09261be8ecd8,USD,TRUE,bankcard
190,456,130649,1c1f22ae-f954-47f3-b44c-b3d124586551,USD,FALSE,mastercard
191,53,71067,ba8d34ab-c02e-4dd9-b0d8-0c6556a8447d,USD,FALSE,jcb
192,215,189592,2d2d2b46-2319-45a4-8066-32514ce80742,USD,TRUE,jcb
193,464,105034,3b95aa76-0ea2-41b0-a81e-9731efa5c939,USD,TRUE,bankcard
194,400,153996,854d7498-d72b-4cff-bf77-ba5918e1e64d,USD,FALSE,jcb
195,431,123520,791f89e5-3064-413d-82aa-da5ac2821485,USD,FALSE,visa-electron
196,140,16564,10ea6a82-c495-48f2-bfc2-6b5303e077aa,USD,TRUE,jcb
197,445,39736,01462a83-6f9f-4f91-b642-76234d6c16f6,USD,FALSE,jcb
198,201,133652,5e73f488-45c4-4dc6-9d2d-bd010cfe3eb5,USD,TRUE,jcb
199,345,107541,9c7436e2-fadd-43d2-a106-c5116e06c403,USD,FALSE,maestro
200,491,23779,64ac1e12-a4ec-46a8-ae47-339acae264e4,USD,TRUE,jcb
201,497,132520,e34ea3bf-76e7-45e5-a7e3-54a690e305c2,USD,TRUE,switch
202,369,127203,1899491a-446d-4d57-a36d-342a08907591,USD,TRUE,jcb
203,421,101370,429f0a1c-2c4b-4509-b79a-7a5b609c1f38,USD,FALSE,maestro
204,266,56228,1fdcb531-9404-46e1-b646-8e792bd13b4e,USD,FALSE,jcb
205,433,82525,16b6c053-edbd-4e96-b3ab-443ad3fc8b70,USD,TRUE,jcb
206,232,126726,d2e0e9f3-47dc-4a9a-a82c-dc3f8b343b91,USD,TRUE,jcb
207,209,157433,c3a9282f-f07d-4aa0-a899-03ed816b7e56,USD,FALSE,diners-club-enroute
208,54,141648,d1ee9941-949c-46db-9a7e-cd4c0f8bdeda,USD,FALSE,mastercard
209,45,175237,cc0a66ea-c63c-4aaf-931d-bd5efaf3fa85,USD,FALSE,jcb
210,136,180329,fad8962f-4702-41f8-ad6c-b4d173f34cd1,USD,TRUE,mastercard
211,452,72967,8fcdf237-4af1-4215-a417-196b774effd0,USD,TRUE,china-unionpay
212,308,163735,8cd15b13-2524-449c-8a54-da7ddb2bff28,USD,FALSE,diners-club-enroute
213,457,9026,fca6ffe3-44de-48f2-a0b6-de05ccdd5819,USD,FALSE,jcb
214,279,142400,f4664b38-85ea-482d-a9f3-f586f4806560,USD,TRUE,jcb
215,5,92690,256adae1-f6cf-4ef2-8c99-36fd508cb9bd,USD,FALSE,switch
216,28,67204,b90657cf-2dae-4e33-b579-75efa1ffafda,USD,TRUE,maestro
217,485,141199,451e7446-f7cd-4c16-94a7-7cfe152d970c,USD,TRUE,jcb
218,217,50100,7671f200-d55e-4a7b-9ba9-93cb17b55ff4,USD,FALSE,jcb
219,431,30654,dcd77e48-00ab-44e9-bb77-a6ed951d6b14,USD,TRUE,diners-club-international
220,210,88553,a94df6cd-e718-42ab-8deb-d33167b5a201,USD,FALSE,americanexpress
221,251,166863,b68cafa6-7680-4c8d-8d5e-b4a7aa6a7939,USD,TRUE,jcb
222,449,187491,19e81989-7420-46d1-9e5e-560f9022080c,USD,FALSE,jcb
223,406,42846,56a97c05-6505-4d45-a3c0-58ed7e81aaec,USD,FALSE,maestro
224,206,4191,036886c8-dcf0-4dd0-ba6c-90cce6fc1816,USD,FALSE,jcb
225,224,88415,0f38649c-8e6e-47c3-aff0-afe552651905,USD,TRUE,diners-club-enroute
226,235,175949,aa1402e6-e311-4d3c-b9cb-ae315ee50cd6,USD,FALSE,jcb
227,252,15095,c479c680-d183-4a1a-8ac3-c0daa58d3102,USD,FALSE,switch
228,228,133016,1d0e1cf7-bc22-4031-a6a1-4d803b026360,USD,FALSE,jcb
229,152,179394,1576c9de-2c79-4b64-80a9-8b369c3540f0,USD,FALSE,jcb
230,490,56545,e99701b5-ba84-44ec-a0bb-d01850494850,USD,FALSE,jcb
231,124,189947,97c67a5f-53dc-4947-af43-a60f14503784,USD,TRUE,jcb
232,39,171348,35eccfe9-bfab-489d-aef1-cc4cc9eca7b6,USD,TRUE,diners-club-carte-blanche
233,354,191663,257d9a60-1851-4a36-930d-2d67b55237c6,USD,TRUE,diners-club-enroute
234,195,8019,c4b0fe0e-1bc4-4996-ab75-c6b75ad5265d,USD,FALSE,bankcard
235,285,160407,099663f0-13e7-4d25-a1f4-a78b7a20f678,USD,TRUE,jcb
236,144,152548,694bca69-0b86-4f0f-b78b-b84975d8a73e,USD,TRUE,maestro
237,497,32632,dced8fbe-d4e3-4a53-a669-7e36b1405bb9,USD,TRUE,visa-electron
238,392,46153,44886883-524c-4334-91ac-5ba3494d5d08,USD,FALSE,jcb
239,271,125118,ad73727e-d11f-4cc3-8f79-a027b40b0144,USD,TRUE,americanexpress
240,332,44085,924ad267-f276-40f5-9dbd-3c5da77c6f17,USD,TRUE,jcb
241,204,29441,1d3fc007-a801-42ef-96e6-233f8e21665d,USD,FALSE,diners-club-carte-blanche
242,330,101731,fe28074e-17bd-4f37-94ed-7c53560c2e54,USD,FALSE,diners-club-carte-blanche
243,60,80820,00519470-92a4-4d90-b60c-8d163da40a1a,USD,FALSE,jcb
244,81,175993,5b2286f3-95f9-4912-8a6b-4a8be00666a2,USD,FALSE,mastercard
245,473,16901,7b2f6cd9-37a2-4ae8-8b11-ba942ed12fa2,USD,TRUE,diners-club-us-ca
246,326,47805,adc8ec0f-6da7-4f26-8709-095250a712b4,USD,FALSE,jcb
247,465,70531,1870256b-423f-4542-b71b-72422b7febb7,USD,TRUE,jcb
248,111,47078,6b0bcfa7-1782-428c-acf7-e692a67b41a5,USD,FALSE,jcb
249,65,53535,c3b10ec7-d207-4cd3-8ff8-3d3cfe432cfd,USD,TRUE,jcb
250,430,100283,d9a35549-ef95-4767-be0e-6b100e269796,USD,FALSE,bankcard
251,226,33460,eaca030a-f172-4547-a4cb-418f5a607e2b,USD,TRUE,jcb
252,498,98380,c6caa13b-2c66-49c6-9bc5-a36b239f1193,USD,FALSE,maestro
253,60,136605,e98c9f04-a3e6-4aa6-b154-5e90bae4ef54,USD,TRUE,switch
254,200,139517,98d11622-b83d-4ba5-918c-862068b53796,USD,FALSE,jcb
255,421,120164,0294a6ec-fd4e-4d87-b294-f65777e77e1d,USD,FALSE,jcb
256,442,84171,885d12eb-6446-4370-be67-a10ab39d94c4,USD,TRUE,jcb
257,211,129608,4ea9f86f-05a0-4a55-bdb7-5f89541bfba8,USD,FALSE,switch
258,139,37726,69fd9886-a929-4e91-b4eb-01316023edf1,USD,FALSE,solo
259,121,49064,f27edc8a-61b7-47dc-aec1-e1c31d014ed5,USD,TRUE,jcb
260,34,149398,55118e87-9e47-467c-b8db-b6fd7990d3dc,USD,TRUE,jcb
261,440,16245,a3f121bc-0a70-4a05-86d0-42fcc11f6224,USD,TRUE,jcb
262,135,28491,682426e1-58b0-4546-a5a1-d298e51753b5,USD,FALSE,bankcard
263,306,159638,73b70ba1-6480-4fe1-9cb6-b95460b7f571,USD,FALSE,bankcard
264,32,23163,9bb1d6d2-04c0-464b-a1f5-40813ce54594,USD,TRUE,jcb
265,112,125433,e7af148b-5eb4-4bf9-a30f-d2657621e36e,USD,TRUE,mastercard
266,324,143596,b4f3a275-1c3a-4730-90d0-6ba7e62fc474,USD,FALSE,jcb
267,73,177857,01003187-c59d-43ef-ba73-d7c0fe35f038,USD,FALSE,diners-club-enroute
268,186,112571,0a2d7613-e878-4617-9d77-775eb3f50595,USD,TRUE,instapayment
269,179,167824,337967f2-50b4-4ab4-9c6a-7f94ef5ee788,USD,FALSE,visa
270,128,82777,61495127-bba3-4917-928e-e4a6dc06e6b4,USD,FALSE,jcb
271,369,128873,c5ba6f9a-9714-4df8-8523-b12170d82a94,USD,TRUE,jcb
272,456,76360,93aa6c2a-92d4-4f1b-add5-a99445cb3f13,USD,FALSE,maestro
273,96,96906,3996e6c1-12bb-47e8-8ddb-f7d16d4fd02b,USD,FALSE,mastercard
274,303,125218,f46e25d0-2ee7-45e2-b6c5-b3a49045f5a3,USD,FALSE,maestro
275,409,154222,3a7aec68-4a38-49a4-a995-97bfae5e45a7,USD,TRUE,bankcard
276,260,143751,ac4be587-c872-4099-959a-ad1e136aae72,USD,TRUE,diners-club-enroute
277,377,50553,9701c35e-d12b-491b-ad37-ce670c2eed98,USD,FALSE,jcb
278,168,118350,aecbe4ad-ea60-4ee0-b4a1-c4efdf5f03e0,USD,FALSE,solo
279,475,187249,0cf386c8-12e4-4782-ae0c-686bdc1b7e12,USD,TRUE,mastercard
280,295,110905,e0b5b520-923f-403c-87b6-6db58a9f7331,USD,FALSE,jcb
281,237,62497,66c021d8-7f98-48df-9bf2-dc314079aa68,USD,TRUE,visa
282,474,108994,94972bd4-f2f8-4e1b-8b61-9726583a79d5,USD,FALSE,visa-electron
283,197,109914,7b46d8f1-1bfc-4193-a300-2fbb0495fc64,USD,FALSE,solo
284,333,44708,0bc3f3fe-cd27-42c4-9042-3b73cce6ffe9,USD,FALSE,maestro
285,302,2238,7ccfea9b-add8-4984-b77e-c0d2fd141c7b,USD,TRUE,switch
286,299,188165,4628f37f-0af4-4fd8-895a-7ac2ed2cb6e9,USD,TRUE,maestro
287,344,89035,380e4074-5447-4234-9363-a2e3ef7268b3,USD,FALSE,diners-club-us-ca
288,145,143015,eb8c9400-9670-419e-9dc7-bbd98e9ca61e,USD,FALSE,bankcard
289,33,78398,fea3078e-46b1-4672-a071-363617e16594,USD,FALSE,laser
290,37,123529,12bb6343-3607-4454-9840-e473f65cc982,USD,FALSE,maestro
291,97,190357,3db9db81-37b1-4a7c-a76d-42940db23cf0,USD,TRUE,jcb
292,218,47837,4f2176f9-58de-4153-a3bd-d52717a81652,USD,TRUE,instapayment
293,225,181138,edaf725a-54dd-43a4-9b77-6dfd35d71ddc,USD,TRUE,solo
294,268,119583,0f015d53-0606-42be-9b90-5677e653067b,USD,FALSE,jcb
295,108,187066,c3e973c8-30bf-42db-93e7-7ad6285a0abe,USD,TRUE,switch
296,306,108801,e9c530ed-5571-4c3a-9f91-cba15cf209d4,USD,FALSE,jcb
297,363,184083,302f8faf-bcc2-4916-92fb-82992c44cefd,USD,TRUE,visa
298,122,112992,9fd453eb-62fc-4048-bc3e-c52120ba9a66,USD,FALSE,maestro
299,349,144196,eca1c7fa-7973-4d6f-8b04-8a6dfdf2dd7f,USD,FALSE,jcb
300,454,150095,98f91c13-2f33-42c9-9cfd-734c74f0c7c5,USD,FALSE,jcb
301,185,116158,3f8b6187-9b5f-41e5-a26b-dbd26b633976,USD,FALSE,maestro
302,60,142919,35f282f7-bf0b-4d89-abc5-77b1c6c2caa2,USD,FALSE,diners-club-enroute
303,102,111244,06d54336-4eaf-410a-a1f8-226340e9a080,USD,FALSE,jcb
304,222,8619,bb7d0073-422e-4ce6-9b4c-e0502129fcbb,USD,TRUE,visa
305,475,139302,d1b61170-5794-4563-b22e-5ab050dba172,USD,FALSE,diners-club-international
306,52,41691,af5a7c8d-9975-4a23-91ae-9d21218e05e5,USD,TRUE,china-unionpay
307,151,178422,08437a3a-6f07-4d8d-8cc4-e733fceb0bfa,USD,TRUE,mastercard
308,353,66250,df5f2ca9-f967-4806-a486-75a7980ffc01,USD,TRUE,jcb
309,13,137243,44eaaf1a-1f9b-45c6-a95e-600a507fc72b,USD,TRUE,diners-club-international
310,344,28061,064b1549-68f0-4610-877f-1cb86550faed,USD,TRUE,solo
311,497,64040,8204b95c-d8d3-468f-b916-4caffdc6b2ad,USD,FALSE,mastercard
312,189,80496,1a1637a0-5cf0-4582-bf33-0bc3e176ec89,USD,FALSE,jcb
313,444,41133,3a2900de-5f52-4ea7-85a6-c77ddaedc85b,USD,FALSE,jcb
314,142,125722,ff9010b3-62ce-4650-bb12-a5a8247ee2c8,USD,TRUE,laser
315,241,92876,d9b2585c-95f1-4bd6-8bea-8265e78539cd,USD,TRUE,jcb
316,203,86969,613cbc00-cb68-4122-878c-30c5a99e3f0f,USD,FALSE,visa-electron
317,299,35333,33da8cd0-af6c-4627-b643-c2aba566bc91,USD,FALSE,jcb
318,65,49249,7032a353-44fc-4ded-85d9-a176b8b52dfb,USD,TRUE,solo
319,395,33471,340bcda4-1a94-4b60-8ae4-0bb80584a190,USD,TRUE,jcb
320,73,151733,f2894df0-0a19-4589-862c-f63d1da6c58a,USD,FALSE,mastercard
321,436,18680,6d930512-2d85-4204-88c7-227834acf7e8,USD,TRUE,jcb
322,402,162350,b8a57764-e01a-448d-8432-b32b278296b0,USD,TRUE,mastercard
323,70,147812,c84e321d-262b-4a5d-8778-62d3eb72e59f,USD,FALSE,diners-club-us-ca
324,329,143588,bbbbca2c-e1de-48c2-ab2b-39d1c3401d68,USD,FALSE,jcb
325,137,107144,36ddaca6-104e-4fcc-8e38-ae42090b1746,USD,TRUE,jcb
326,248,41492,e287df0e-6623-4a20-9af0-5a7da051b321,USD,TRUE,jcb
327,45,98743,df812336-46fe-49b5-ae6a-ed8d12f7948a,USD,FALSE,maestro
328,349,47216,991e3c0d-42a8-4c39-a0ce-5000316deb7d,USD,TRUE,mastercard
329,268,154311,e3f85ecf-3ceb-4236-b4c5-f6619506efff,USD,FALSE,jcb
330,298,13951,519ea6d3-12bd-42d9-b5a5-61329860e9a3,USD,TRUE,americanexpress
331,154,7550,bd9d0573-a309-415b-8068-4944a8b9aad6,USD,TRUE,mastercard
332,69,92513,961936ab-a0ee-4ba9-899b-429b09631df1,USD,FALSE,mastercard
333,467,163785,52bf36dc-058b-48af-8f47-0137d8a9ef34,USD,TRUE,jcb
334,228,164247,5ebfe3c0-1625-4f2a-9ee7-23e133de4b82,USD,FALSE,americanexpress
335,345,196134,64139ee5-d3ad-4f7e-930e-08e5db6010d8,USD,FALSE,visa
336,183,32186,63c4c301-40fc-4f8f-8fed-5c7f853ee1df,USD,TRUE,laser
337,68,70889,e806ee40-1a1e-44a7-a1fb-9a07b4c69ec5,USD,TRUE,jcb
338,293,129702,13f01e4e-3864-43c6-b7d3-1e492bb22b3c,USD,FALSE,americanexpress
339,77,45117,e06d4a9e-1c80-4bce-baa9-3da676bb7535,USD,FALSE,diners-club-enroute
340,317,114489,7bae07bd-85eb-4de8-a3f3-dbebf8f21777,USD,FALSE,jcb
341,204,174388,a5b1d1e3-9ad1-4ea1-a876-7dc33ae12a5d,USD,TRUE,maestro
342,488,32337,bc67d97e-2a99-4b4e-bf89-ef565cbf5f62,USD,TRUE,jcb
343,48,84792,c4fa9ac6-f65a-4e77-afc9-3ea57d5caace,USD,FALSE,jcb
344,213,95671,c556e8c5-ad47-4e31-bb54-4e47f28ac601,USD,FALSE,switch
345,368,196583,e39ccb2a-2c55-47fb-9a5f-62a91b15f11a,USD,FALSE,jcb
346,262,96365,47034370-be2e-4f6b-8e77-977095d0b383,USD,FALSE,jcb
347,5,93772,4e0717ef-93d6-460e-a073-21ba444ec958,USD,FALSE,jcb
348,485,83696,7fb91051-51a3-4033-bd22-3aa0979230de,USD,FALSE,jcb
349,372,92227,62f5ab33-7480-44ff-bea0-102893949197,USD,TRUE,jcb
350,72,167196,14069d10-6558-4322-9268-2b582bae5dac,USD,TRUE,mastercard
351,151,21638,2a41b30a-0936-48f1-adfe-146b67c5c898,USD,TRUE,jcb
352,2,95592,4d346180-a07e-4d50-97b3-560556c4ec81,USD,FALSE,switch
353,227,171879,fc5a545f-d39a-433e-860a-358b19c08a74,USD,TRUE,china-unionpay
354,346,105813,9b12e20c-c6de-4d6c-a3e4-6e2fef2a4d98,USD,FALSE,jcb
355,366,111386,5a3fe9e1-be0f-4a11-8c3b-66cefbda0947,USD,FALSE,china-unionpay
356,153,2602,e08d81c2-18e3-4774-9046-8c27ed2508e5,USD,FALSE,visa-electron
357,461,128319,6f9ad251-e043-495a-bb98-cbe945526a74,USD,FALSE,maestro
358,267,187595,985d244a-95f6-4518-afa5-fd8bf70c30b1,USD,FALSE,mastercard
359,484,86549,947a2800-d4f4-4239-b4e8-3572d8b06c86,USD,TRUE,jcb
360,75,79467,f66f9074-b48f-4575-a096-b74678ac4780,USD,FALSE,jcb
361,142,132584,cfacd6dd-f39c-450c-8bf9-69ebed4c5074,USD,TRUE,solo
362,485,197362,c8bf7133-7a83-4e34-993e-cf3c4e837a03,USD,TRUE,china-unionpay
363,423,47435,d403bf05-b871-4398-b43b-049312f86d7e,USD,FALSE,maestro
364,112,83622,ae2b4d9f-9105-4868-b75a-a65656d37bd7,USD,FALSE,jcb
365,144,74251,9491d025-286c-435a-ac8d-db7a9bd8c8cf,USD,FALSE,diners-club-enroute
366,182,113369,6578aa9f-34b5-4f84-a68d-52e466f69932,USD,FALSE,jcb
367,355,55782,ac99c255-28a3-4bba-a0f2-ebfe3c74b74c,USD,TRUE,switch
368,479,162205,f4084b2e-3536-4eb5-9661-78f28461100c,USD,TRUE,jcb
369,57,47630,ad17a0fe-c06e-401b-b1be-d24c397c8196,USD,FALSE,jcb
370,336,136671,2e1b6928-59c4-4d21-8853-9b4fe1499db1,USD,FALSE,jcb
371,341,95991,7866b5a1-7042-420d-83a8-2e793fb38c22,USD,TRUE,jcb
372,327,40203,42356fcb-4f1e-4892-b496-d64c45ba1707,USD,TRUE,jcb
373,250,155421,768890d5-8ada-4598-b999-7621e0e6baa6,USD,TRUE,jcb
374,229,186337,1d609dc7-41a8-469e-b5f8-e03b6a8c4d00,USD,FALSE,instapayment
375,96,140287,18daa6ec-5677-48d1-8a93-f99b32077a41,USD,FALSE,solo
376,416,168889,d2de4008-fbe1-4c56-aabc-6cb45ddc98de,USD,TRUE,maestro
377,240,45223,40b04836-0616-4537-9e3a-7d3cb0f365b8,USD,TRUE,bankcard
378,261,16219,677d5edf-192b-43d3-a7f9-77f9c6e6b75d,USD,FALSE,jcb
379,65,198705,e11d3d89-77d8-4ef8-b2f8-04d697c4ca9c,USD,TRUE,switch
380,493,51100,0b1b9833-e56b-4d00-a71d-3cc637a86f95,USD,TRUE,jcb
381,41,135186,d2b04e41-0722-4413-9afd-2ea9aeb0e841,USD,TRUE,china-unionpay
382,292,143404,ddbadd5e-871f-42a4-aea3-c7257af8e6c8,USD,FALSE,switch
383,407,156558,9ce32a03-5aac-48e6-9248-78891c800419,USD,TRUE,diners-club-enroute
384,177,115907,5ee50e7f-7e2c-4c53-a209-e4f38b8bd54e,USD,FALSE,jcb
385,154,160700,0fea99c5-5f0a-4897-9adb-59906e4b14be,USD,FALSE,jcb
386,204,25669,e00c5b81-ef22-4d48-8760-9d003b7a8237,USD,FALSE,visa-electron
387,373,197192,95af7e0a-9600-4078-83e6-7053969a7a87,USD,TRUE,china-unionpay
388,131,106428,aaab32db-6fea-48ec-bd98-3aa0622dd70b,USD,TRUE,diners-club-enroute
389,414,117370,f93ee7e9-16fb-4c24-96c6-601304ca3ca9,USD,FALSE,mastercard
390,145,196523,f950740f-0f32-445b-a373-733d2b4ea46d,USD,TRUE,bankcard
391,63,162876,bf3cc1e2-4471-43e0-a575-12f57e6727c8,USD,TRUE,maestro
392,153,14659,e9f408e8-91ec-4e34-b9a9-ca6afba59508,USD,FALSE,bankcard
393,383,111841,bdf739fd-ebb5-46fc-a036-ef1716e0196b,USD,FALSE,jcb
394,175,115155,7d5fc3c8-ebdc-43eb-8e20-460ae51f21f3,USD,TRUE,jcb
395,408,57450,d36a8c00-679b-4a3b-975f-415cf68cddfc,USD,TRUE,jcb
396,500,26920,e681f466-e3c5-4430-9ddd-215cf0b14806,USD,TRUE,diners-club-carte-blanche
397,211,64790,2aa36ef6-dff2-44c1-b6ac-e94e5a616eb8,USD,FALSE,switch
398,124,3193,8c5b8d91-3f43-42b6-b83f-e5b4a6d13390,USD,TRUE,jcb
399,441,103068,421d7758-10ab-4887-b0d5-56fcacc97391,USD,FALSE,jcb
400,190,15218,888d8995-6d79-450f-9ba6-faaa1afefe57,USD,FALSE,visa-electron
401,48,124278,b7ec29cd-a148-46c0-ab1b-dd1eb67a5e83,USD,FALSE,china-unionpay
402,113,68083,b3963a64-d54c-4139-8c3a-8c10bd2df7a6,USD,TRUE,jcb
403,199,84560,c0b0260d-d954-45ae-acce-3225b893a52d,USD,FALSE,diners-club-carte-blanche
404,327,72843,c9058427-a56b-413c-87e3-738121d3ef87,USD,FALSE,jcb
405,395,5582,156b8cd7-ad61-4bca-acee-f376906cb25d,USD,TRUE,bankcard
406,174,77405,7094d1ba-c253-417b-90fd-34b89c51826b,USD,TRUE,maestro
407,422,64243,c2f9ebe1-60fe-4960-9fb3-3d6c9bf6f30a,USD,TRUE,jcb
408,351,33101,dc540704-2531-4c06-9fe4-39eb6a75ba22,USD,TRUE,jcb
409,459,81746,a8119100-41e1-4346-bfc8-d9a015ef291c,USD,TRUE,mastercard
410,26,193624,d2b393a3-58cc-4890-9caf-4fce522f16be,USD,TRUE,mastercard
411,209,9177,4d5e047b-b309-4aaa-8114-0b12b0635c88,USD,TRUE,maestro
412,141,139631,19e87b69-3d6b-4987-b650-d5bc4d9b58ee,USD,FALSE,mastercard
413,493,59625,db8e2610-58bb-4252-be46-47dbbf636e65,USD,TRUE,maestro
414,134,110964,b6eeb8fe-89bf-4ba5-95ba-ceea26f1d0f4,USD,FALSE,bankcard
415,240,67229,1b690d8c-36d5-4584-8df6-931385f3dd81,USD,FALSE,jcb
416,185,63202,dd9df6fb-f366-40f8-a74a-1ba4450d9d5d,USD,TRUE,visa-electron
417,22,86741,27316414-e601-4a08-adf3-5220a74675b9,USD,TRUE,bankcard
418,401,47066,908b22c7-23ab-4bd5-8e9a-51cb60931f9b,USD,TRUE,laser
419,45,34333,ffdeba53-a80e-4335-b780-ad2587443602,USD,TRUE,jcb
420,356,149526,b3b9a4ce-4f07-4210-8676-f3fe6c09ae46,USD,TRUE,americanexpress
421,172,195097,59b6f0bf-f2c6-4f11-b0ba-0494e358e06d,USD,TRUE,mastercard
422,174,177384,ece588a4-56b9-4038-8318-202fecfcd80b,USD,TRUE,jcb
423,434,118898,8b5eb71d-c53f-48e9-9b3b-39dcfda1a628,USD,FALSE,switch
424,186,150822,3e0c6aec-5320-4a3b-8cb5-a0b646aa63b6,USD,TRUE,switch
425,368,99955,96f33a31-b30d-4472-81fb-7595be8a548d,USD,FALSE,mastercard
426,359,51389,cf01b4d0-df84-4db3-b8fc-02f7b1254e3b,USD,TRUE,jcb
427,138,178670,7b5216f4-f4f0-4892-b7d8-60b23176ca94,USD,TRUE,americanexpress
428,62,100992,cb4c317d-3b47-44ca-9e1d-dff82547da8d,USD,TRUE,visa
429,261,17393,a3af3a92-2556-4ff3-9c3e-d08fe1a511da,USD,FALSE,visa
430,312,159414,2d97106f-491f-487b-bfb9-bb2dff3e6b1e,USD,TRUE,jcb
431,258,14184,15376f8d-ab7f-44b5-83d6-15ac6f151d09,USD,FALSE,jcb
432,60,36231,43c5ed20-0aef-4c0e-a216-eef914ce7203,USD,TRUE,mastercard
433,245,69318,fd16881d-84f4-4e4a-959f-60b6e1177190,USD,FALSE,jcb
434,154,88054,1ffe4c35-f29d-420d-a4ae-8ed2339ceb2b,USD,FALSE,jcb
435,391,106160,865b08f5-4bc5-494b-81e2-9a7216f36e8b,USD,FALSE,americanexpress
436,480,97575,18d2849f-9391-462f-8ba2-0dc71c1c1a3d,USD,TRUE,jcb
437,122,86160,f253e78d-a00d-46a4-935d-f792e5654e31,USD,TRUE,china-unionpay
438,220,182072,79de102d-76f5-4293-bd80-5ae24a0cd238,USD,TRUE,bankcard
439,81,124099,fd9d2404-f484-43c4-828b-6b7056d46312,USD,TRUE,china-unionpay
440,461,24735,a586436c-b6d0-474a-a7e7-8a37645418bc,USD,FALSE,jcb
441,151,18671,9d25e23d-ef96-43ab-b71d-3becea1aed71,USD,FALSE,mastercard
442,85,159420,b7a6b067-a816-44d9-a33a-bcb9f9aa5c1a,USD,FALSE,laser
443,94,85885,07b56ebd-8191-4d8d-b3a6-ec34de9edb8a,USD,TRUE,jcb
444,323,131421,7caab4de-fe9f-4c25-96ea-e5cba5893de7,USD,FALSE,mastercard
445,278,184096,32f63c7d-185b-46e9-89bf-e2ee1db6105d,USD,FALSE,americanexpress
446,80,50481,14c830c2-ae83-4f0a-b2ab-e03b9d3d4ac2,USD,FALSE,mastercard
447,6,46158,28c9c459-2eb6-4da0-89a1-329971121a99,USD,TRUE,jcb
448,294,98353,db90b75b-0522-4b70-98e6-d5d7b5b673f0,USD,FALSE,switch
449,475,97238,02bff16a-e3e1-420c-aaa9-fa5d354ce510,USD,FALSE,diners-club-us-ca
450,212,141804,a7263a31-9827-41fe-b59a-832c5bb4bd19,USD,FALSE,jcb
451,240,18648,881ac7e6-2cb4-435a-8c91-aa5628f7a903,USD,TRUE,solo
452,158,107849,5f4d7d6c-0c03-41ec-afae-ebf7e8014a78,USD,FALSE,jcb
453,413,173489,1c89f2f3-27dc-4825-81e5-258e6468661e,USD,TRUE,jcb
454,315,187206,278c5af0-63fc-402e-8f61-5c69b4203efe,USD,TRUE,jcb
455,145,113464,e1bac223-17a2-4e19-a2a9-9f6fb3c29456,USD,TRUE,mastercard
456,52,190052,2c928be1-2ceb-42e2-83e9-4710fab8b416,USD,TRUE,jcb
457,308,44846,622abdfd-f168-4e5a-9423-4682277f5389,USD,FALSE,jcb
458,230,198766,287efd73-702b-4039-b0e2-dfa87f56cd7b,USD,TRUE,jcb
459,131,124838,a2842595-2063-4c45-b204-958af1d98481,USD,FALSE,mastercard
460,1,184860,f53e12fe-9b08-4296-8653-4a33c98a582a,USD,FALSE,jcb
461,256,54310,04233c86-83bb-4adf-9b51-e80621c18187,USD,FALSE,jcb
462,87,57406,21ed4d50-b0e0-4588-bd48-1dab0385dff5,USD,FALSE,maestro
463,415,20722,d65e3326-96bf-45bd-a686-cec52566e44c,USD,TRUE,switch
464,300,100502,820882b2-7133-47d4-b9bd-7071230c4ffc,USD,FALSE,jcb
465,69,110751,821f7ed0-308d-4820-b5d1-ac477b205814,USD,TRUE,instapayment
466,368,174745,12bd111e-895e-4f57-b2d0-de0d8eac5646,USD,TRUE,jcb
467,472,104185,f3f81680-ec49-4c84-98c3-58235357783e,USD,FALSE,diners-club-enroute
468,471,94564,1a2a5c7e-12bf-484e-8db2-2b467a6dba05,USD,FALSE,jcb
469,293,97849,e4706833-9e43-40d1-8d9f-a11e9a390fde,USD,TRUE,switch
470,407,45618,f9895d38-de5c-469c-a642-eafc1df2c596,USD,FALSE,jcb
471,472,109488,6f225626-43aa-4ae9-a9c2-1b52d0986f4a,USD,FALSE,diners-club-enroute
472,77,6249,efcb56e7-4146-40a0-896d-dc75fb948b82,USD,FALSE,jcb
473,347,4793,a917d4ba-cdfb-4722-b120-54d2f96507b2,USD,TRUE,mastercard
474,471,33089,939ee917-3f40-4a50-8d49-abee88465bdf,USD,FALSE,diners-club-carte-blanche
475,17,22879,f9a23753-fbb7-4e61-a8ad-507a8a5cc67c,USD,FALSE,jcb
476,315,89176,c26f0bc6-900c-4370-8140-bd54be298442,USD,FALSE,jcb
477,470,40545,54b46e34-6523-4ab4-89aa-368e671e4897,USD,FALSE,china-unionpay
478,471,185053,b6f522c5-25b8-48c7-9647-e82122d4260b,USD,TRUE,jcb
479,118,58522,d9931201-678b-4613-83ce-e795024e1a01,USD,FALSE,jcb
480,110,91745,7e50b09c-caf7-40f2-9f7b-8258dc4d1a8b,USD,TRUE,mastercard
481,428,173055,25dcabf3-fdc4-4ae0-bcaf-ec2e18dcf031,USD,TRUE,laser
482,112,109385,8d24da9a-3a6f-4e75-b9b0-0e3d7aaebaf6,USD,FALSE,mastercard
483,372,93286,edd7e66c-f2dc-43f8-b9b6-8effbce71822,USD,TRUE,visa
484,269,191016,f3011cd4-3839-4d95-bac8-ddc19c1bcd0e,USD,FALSE,jcb
485,145,1993,f7ae7193-f564-43d0-a9b8-b4bf3b8c2ec4,USD,TRUE,jcb
486,157,126853,27349c80-fa77-4c1b-9011-823bdd5a1024,USD,FALSE,diners-club-us-ca
487,267,56163,5e4b0aa5-cd83-4259-abac-82950c3bde34,USD,FALSE,americanexpress
488,256,4898,3a47725d-ea6d-4e4f-8b9e-420e5cc01cf3,USD,FALSE,americanexpress
489,338,83194,79c10cd8-3d60-4f84-9743-2ea56e226ffe,USD,TRUE,diners-club-carte-blanche
490,368,159490,e2dabc3a-9e50-44fe-9bd0-e3651f7c0b90,USD,TRUE,mastercard
491,288,153964,2eb64c7e-d4b7-4144-9e6f-8e96a8acb230,USD,FALSE,mastercard
492,441,86654,dc259ac3-cb22-4e97-aa20-44f9563628a0,USD,FALSE,diners-club-international
493,347,105839,3a1c2e05-557f-49ac-bd87-eb7565fbc1c6,USD,TRUE,switch
494,111,33871,e1fe1812-b0a6-41de-9313-537a7a75b319,USD,FALSE,diners-club-international
495,52,107478,d9274a18-7e63-407a-8287-61f632d9c048,USD,TRUE,mastercard
496,474,40868,c5863fd2-b2ef-475e-b6aa-407ba5f21f03,USD,TRUE,jcb
497,250,172102,b6dbc7fc-03a6-4a63-a4b2-314fcd729017,USD,FALSE,maestro
498,356,10219,247a4a8f-db93-49af-8ad5-3e4ea9a8c339,USD,TRUE,maestro
499,15,107271,4b0a4d8d-4f66-4b46-a4bd-499e09ed599d,USD,FALSE,diners-club-carte-blanche
500,179,149746,5240f72b-9fdb-4f4f-85fd-55b1ae1c757f,USD,FALSE,jcb
501,346,87108,13157bdc-5528-4c2d-83d8-23bd9959b761,USD,TRUE,mastercard
502,139,69462,0057188b-eb90-4236-a527-4007ba421b9d,USD,FALSE,jcb
503,257,143239,f6613c09-6381-4b0d-800b-c04086f5d6b4,USD,TRUE,maestro
504,190,30835,12675608-bc73-428c-bfad-2162b06510de,USD,TRUE,jcb
505,312,74121,8b2ea4d9-7a2c-4b65-b6f8-c7f68207a97e,USD,FALSE,diners-club-enroute
506,361,142860,84afaba1-f87d-4c35-a592-4999dc48e4aa,USD,FALSE,diners-club-carte-blanche
507,83,119890,bde88031-1833-4cc9-a592-33927ee7f3d8,USD,FALSE,switch
508,405,115357,3d787ec2-471e-4508-84bf-32248437a57e,USD,TRUE,mastercard
509,259,78576,592f3d31-8212-40f6-933a-068274aa1083,USD,FALSE,china-unionpay
510,291,17849,955c3010-29a4-4bd3-9856-0f8bf0d85226,USD,FALSE,jcb
511,246,177894,8bc0f32a-ed69-4f4e-ae43-987877ff2e69,USD,TRUE,switch
512,474,101126,bc2b307b-6709-47ec-9e54-bb75a9b3047e,USD,TRUE,visa
513,238,76074,4ee33f0d-1087-41e8-b0c5-6e261a994d9c,USD,TRUE,laser
514,15,138996,9605406c-3a46-4060-a8cb-9d97278ebb25,USD,FALSE,jcb
515,371,144679,3d51b254-51fd-46d9-999d-fe1795023f13,USD,FALSE,jcb
516,25,175821,94919e3e-4d65-48dc-907e-29fd3d0cd65a,USD,FALSE,jcb
517,356,39959,8e112c8e-8c69-4d62-a924-d7ed121c7ae9,USD,TRUE,jcb
518,57,53377,a7bdd274-bfe6-49f6-942a-fbeb7ef8be7c,USD,FALSE,switch
519,153,81159,445bfc16-230c-42d6-ab1c-ddb02edbb9bc,USD,FALSE,jcb
520,138,167054,58f00a09-19df-4360-a868-25bde4ca7d34,USD,FALSE,diners-club-enroute
521,404,74990,e7e4cf73-c6a2-4167-8013-f8d51d08a33c,USD,TRUE,jcb
522,426,23312,5c472f02-320b-4211-b29f-4c83b0b36c36,USD,FALSE,jcb
523,357,13796,6cd5bad2-65b0-4a67-ae48-22c71c643148,USD,FALSE,jcb
524,209,12808,e497c6c2-50f8-4c63-944c-fe50123a4102,USD,FALSE,mastercard
525,332,173809,43fbc76a-750c-41c2-8bf1-ce3b9da401e3,USD,FALSE,diners-club-enroute
526,327,86281,476db977-84f0-4aba-9755-392df00d0218,USD,TRUE,mastercard
527,94,123961,e29c02d4-c554-431e-8779-92d149c2f94e,USD,FALSE,mastercard
528,302,176606,76843d05-0764-484a-ba90-1846fedf1101,USD,FALSE,diners-club-international
529,204,150674,5d8c7b42-f78a-4c50-b248-befe20586f3e,USD,FALSE,jcb
530,391,99320,60bfea7f-ffe7-46a9-83a3-daf7a8b68546,USD,TRUE,china-unionpay
531,169,94982,ad1db6e3-b8f8-470f-a4b5-62fc1f53d0c7,USD,FALSE,jcb
532,445,57138,7222ef42-8c38-480a-ade3-8ff53a3b6f89,USD,TRUE,laser
533,340,77714,2e6c23ae-0adf-4a99-8ce1-90f8c5656327,USD,FALSE,jcb
534,130,112830,21433754-2524-4fd1-ad1d-f13db84163ee,USD,TRUE,bankcard
535,231,29742,f9c206ed-8f9a-4aac-a686-badb52bde998,USD,FALSE,jcb
536,9,57736,4cb6f0b1-162c-4d78-ad51-9607ae262844,USD,FALSE,diners-club-us-ca
537,101,162322,5980248c-7346-4c28-95f2-60275edaf74a,USD,FALSE,maestro
538,86,59786,d03db5bc-582c-4790-b8f4-4afcdc6b217a,USD,FALSE,mastercard
539,24,94557,62ee5b15-2d33-450a-8552-303e8abc35ba,USD,TRUE,bankcard
540,300,52541,2fe42590-d01f-4661-bf4d-b74b23b13fa3,USD,TRUE,china-unionpay
541,328,82085,aeddda9a-41cb-46e0-96e5-993d8c89787f,USD,FALSE,jcb
542,113,176829,e81609a5-826c-485b-8467-7d8a5bdaf066,USD,TRUE,switch
543,83,177637,a118fe68-c8d6-49b0-a712-fe490d6dfecc,USD,TRUE,maestro
544,190,67069,1f2de01b-e483-4795-939c-8b3dc1a72e4e,USD,TRUE,bankcard
545,71,167449,53943e52-5976-44be-a480-845b86e08016,USD,FALSE,instapayment
546,426,185161,4449fc6f-fc7c-42c7-8156-8452677dcbc0,USD,TRUE,visa-electron
547,231,157711,f16a2190-e39b-4fef-bf79-af9d0d357aa2,USD,TRUE,jcb
548,28,30957,15ff7590-357a-4285-8ffd-926c71df5e3a,USD,FALSE,visa-electron
549,388,64110,b526fef5-ebd8-4e3a-a5d3-41481b73b3ee,USD,FALSE,jcb
550,112,168601,bece04d9-e088-4bed-ab63-006fb4dc78c8,USD,FALSE,jcb
551,99,172348,63590458-96b2-4de6-a31a-04baa8140b07,USD,TRUE,instapayment
552,413,66753,1a67b494-0486-41f7-9e76-51f3a73d85e2,USD,FALSE,jcb
553,138,54516,6e741568-da12-4e73-88ae-6e50010513bc,USD,TRUE,bankcard
554,300,187932,00ee7adc-7b22-4385-b43f-d20e7a553eba,USD,TRUE,jcb
555,339,17154,f2f42b25-ef2d-4ae8-9165-039a6d1aa448,USD,TRUE,jcb
556,46,146948,ca0db315-5da4-4a0f-a36d-cd0023f88bb6,USD,FALSE,laser
557,180,33819,184dc64e-d898-4cf7-8839-260d47d3f9a1,USD,FALSE,jcb
558,159,43946,74795013-a260-4bc6-9f39-dad1274c6bfd,USD,TRUE,china-unionpay
559,109,142604,53c1ca2b-d2e8-4a3a-8792-a6e0bc3bc584,USD,FALSE,diners-club-carte-blanche
560,81,135011,8ab37d71-e9b3-413f-8acf-05fdbf45cc9a,USD,FALSE,china-unionpay
561,427,132401,6baa606c-3bde-465c-8fd8-260ecdac4a51,USD,FALSE,visa-electron
562,482,153368,6427d214-c12b-4425-a7ed-a2e4af66e472,USD,TRUE,diners-club-enroute
563,93,117165,46596a4f-6465-493c-a068-74b8ca80c61a,USD,FALSE,china-unionpay
564,289,178198,67563895-a30f-44a7-94f2-ff25afffdb51,USD,TRUE,laser
565,81,182020,abf5a6bd-3590-4275-b8ee-db561afd9573,USD,FALSE,solo
566,404,60661,0909c372-86cc-4020-94b8-0dca638a7902,USD,FALSE,jcb
567,241,128441,62d83518-b7ae-4766-9ecf-a4c411a0da3c,USD,FALSE,visa-electron
568,279,7835,45c70602-6b70-452c-b02a-e791247a9fa2,USD,FALSE,visa-electron
569,440,164192,b9ac12a2-854d-45d1-83bc-8760eeb0f13e,USD,FALSE,jcb
570,168,190478,ae36b499-32fb-415a-8514-fdf57c8ee4c5,USD,TRUE,jcb
571,119,3859,2d451acb-d394-435c-86b9-4770e85c8451,USD,FALSE,bankcard
572,47,126316,5c465620-4084-4a62-9ae4-466c49dbcef2,USD,FALSE,jcb
573,456,180654,88e4c8ee-85c6-46f9-9da0-c0e419b25bfc,USD,FALSE,diners-club-us-ca
574,78,46290,1a7b510e-cbe5-4efb-a911-4d321d38de29,USD,TRUE,jcb
575,40,85472,c30a1632-bd08-42db-89bd-3264d80425f5,USD,FALSE,jcb
576,325,140915,aca62610-fc15-461d-966e-939ce536b475,USD,TRUE,diners-club-us-ca
577,156,43739,0f97cc09-c840-4503-b879-53f9caaa4390,USD,FALSE,bankcard
578,465,30601,6be5b08f-8b13-4c38-9700-2fdbafdf163c,USD,FALSE,jcb
579,467,157843,7fac9155-2798-4ae6-b6b7-2aa4fecd3d30,USD,FALSE,diners-club-carte-blanche
580,71,34531,dcf26556-98e7-434d-8cf2-3520636567e9,USD,TRUE,diners-club-carte-blanche
581,305,164083,b01f205d-9138-4ac2-b496-c9f265c3ace7,USD,FALSE,jcb
582,144,66109,06106864-7796-4751-8f5b-332fbb2f4cce,USD,FALSE,jcb
583,476,1673,02f964db-f101-430a-bce2-da8f75fca374,USD,FALSE,visa
584,28,188898,42191420-35bc-4dce-a7e5-0124d573df21,USD,FALSE,switch
585,81,56705,958253b5-4328-456d-8268-695e85cf148a,USD,TRUE,jcb
586,62,162631,dd54cf1b-ecfa-4cc1-a1e6-080930b17158,USD,FALSE,jcb
587,430,199098,0c98b1ae-eabd-41d5-8baf-e20a6f3b381a,USD,TRUE,visa
588,33,184099,6d4a34a3-2ad4-4e7a-94f7-b4e33d9947c6,USD,FALSE,visa-electron
589,392,146687,1a10bf8b-0519-496c-8b0d-ef78b651d4e8,USD,FALSE,switch
590,268,12420,a19dfffa-1af4-4d18-8d68-c1a674070446,USD,FALSE,diners-club-enroute
591,122,10671,b851d937-6c00-4a4b-94d5-d0f40c1e007f,USD,FALSE,mastercard
592,304,82494,fc71b7e0-cb42-4c85-8dd2-08019e5c6051,USD,TRUE,jcb
593,328,12063,54902365-6a7d-4db8-a850-d9f486b619b2,USD,TRUE,instapayment
594,10,21004,55cb44e2-1958-496f-8c83-2bd61cc2524a,USD,TRUE,diners-club-enroute
595,105,19555,97183b56-bea7-483c-8c68-d537af000f89,USD,TRUE,maestro
596,148,119404,bc5947e4-2ac0-4a8a-9ed7-b97b1e7601be,USD,FALSE,china-unionpay
597,177,135993,491d71fb-7887-44bf-a0fa-12dae49943ad,USD,TRUE,switch
598,106,25252,3024c96d-5d42-47c4-92b4-5b6486873fe9,USD,FALSE,jcb
599,235,77479,4e7f97d7-7157-4975-a405-9c358e11d031,USD,FALSE,diners-club-enroute
600,124,143110,7ce03b01-3407-4cad-84f6-e0849742cf8c,USD,TRUE,jcb
601,404,51827,1f3fe490-6d7b-45b9-9c49-1fc91634aad8,USD,TRUE,diners-club-us-ca
602,300,195902,72fbbf47-2839-4a60-ad20-856b0ee6cf6f,USD,FALSE,mastercard
603,379,82316,f3b93eee-173f-4af9-aeeb-1404e8a22999,USD,FALSE,maestro
604,341,186041,6e22538d-5686-4d0b-81ea-5e9f39e82ff7,USD,TRUE,jcb
605,414,89234,10b91792-3695-4bb0-946a-bc13601714b3,USD,FALSE,jcb
606,221,144014,879375a8-25f2-40fc-bf31-e01e0e40c0bc,USD,TRUE,instapayment
607,464,73193,34fbfc61-fac0-4ed5-ab92-2271a99dba5c,USD,FALSE,visa
608,479,193559,e4d4ee25-d380-45f1-bde5-4127e83aa4f0,USD,FALSE,china-unionpay
609,214,115707,290ebb54-66f1-4270-a466-08c4ce0ddccb,USD,FALSE,jcb
610,68,168490,1619d2f6-d99b-402f-8b6e-d4ac14c106b3,USD,TRUE,jcb
611,62,149001,dd2cbb3b-2332-41f3-8569-d4cf4459cfe5,USD,FALSE,diners-club-carte-blanche
612,160,21913,18ec21d5-59dc-4a0a-aec1-bb9935615053,USD,FALSE,visa-electron
613,499,88096,093b3bc4-0812-406b-8a75-09e23fbebfab,USD,TRUE,americanexpress
614,206,66594,4740745a-d40e-4505-9bf6-08a671f95010,USD,TRUE,maestro
615,202,110373,4a70d32e-b54d-4763-a2ae-2e351e29d5f6,USD,FALSE,jcb
616,360,175407,c632b9cc-3468-419b-b9cc-a16d97a9c2ad,USD,FALSE,jcb
617,480,1299,ef4ba3e8-ca18-4db6-8bde-b9c4e44b27bf,USD,FALSE,visa-electron
618,244,51109,36db6fe2-62a6-4f31-a1f7-d4244fe2b06c,USD,TRUE,jcb
619,270,29395,b901d156-e357-485a-b26f-64b211d25ff8,USD,TRUE,diners-club-enroute
620,11,148970,f5af49a3-d174-4fe0-9b7d-82d29c9e2bda,USD,FALSE,bankcard
621,142,156613,443e2823-674f-4c5a-bddb-c94293da3d9e,USD,TRUE,visa-electron
622,7,89391,696f5b78-f8ec-4fac-b05c-789843cb6f42,USD,FALSE,bankcard
623,326,9005,538c7c22-78f3-4d2e-8a07-f99b70a7ceb4,USD,FALSE,mastercard
624,296,17752,e1e3b864-d0ce-43ef-a69e-2200eed09f23,USD,FALSE,jcb
625,347,35484,f7337044-aa6f-4e78-978d-2ba4e33ccfb9,USD,TRUE,bankcard
626,185,54132,eb524bad-2e01-4760-84f3-be75fc0a0855,USD,TRUE,china-unionpay
627,173,1716,9cfd255b-0f30-488c-9651-84eb291de0c9,USD,FALSE,jcb
628,250,155342,fe247e81-6c51-4ba0-917f-fe366453751b,USD,TRUE,switch
629,367,178964,0e6a8821-e671-4e81-a45d-d73ac6e12d64,USD,TRUE,maestro
630,192,157135,f53da8db-df4d-4d8b-8325-63a829877b6d,USD,TRUE,china-unionpay
631,281,132638,241820f8-dc7d-40a7-b3d2-9cadbef5c451,USD,TRUE,jcb
632,349,134263,d36bce6b-9b32-4f70-a2b7-3e5d6716992c,USD,TRUE,mastercard
633,241,41151,02f2348a-ed0e-4c3a-9e27-6391add943b4,USD,TRUE,laser
634,219,60905,d53fcce4-d304-4946-872b-12fd451c70be,USD,FALSE,diners-club-enroute
635,265,165379,81f4b0dd-72aa-4fd8-aee9-90239cb0f244,USD,TRUE,visa
636,234,170779,d768a61f-b251-4700-87de-a0bd124958ba,USD,FALSE,americanexpress
637,295,7003,08ebf191-c180-4c7c-b7d8-9d81bbec23ca,USD,TRUE,jcb
638,290,41745,cd9bacc8-1a51-4beb-9112-20c4e54ba55c,USD,TRUE,jcb
639,210,174608,3f91a5a6-2acc-44e8-903f-b8bc18b0f7be,USD,TRUE,visa-electron
640,90,111417,685fe69f-d83d-4fb7-80e8-7984cb777d42,USD,TRUE,mastercard
641,245,185879,6950dd95-9f73-4522-8209-d8b6d2dacad8,USD,TRUE,mastercard
642,488,5012,daca3331-088f-487b-bf9f-ff414a7c581b,USD,TRUE,visa-electron
643,101,22411,a6054765-fb20-47d3-b653-e015872498ad,USD,TRUE,jcb
644,143,110336,6833bbd3-21c2-4696-8941-b27a56ac6251,USD,TRUE,diners-club-enroute
645,366,133047,cc7fbcf1-4b70-4dad-a58d-f7aa819e7d44,USD,FALSE,jcb
646,137,183949,79486012-17cc-41b3-99bd-cfa99cc061d6,USD,FALSE,jcb
647,447,99363,4e168f6f-b17b-400e-9fd2-362e52a4f262,USD,TRUE,jcb
648,206,157902,06e2927d-133f-4656-8010-a623d1c79647,USD,FALSE,mastercard
649,421,23668,49232e4c-94f5-4251-97f5-0a913e0e6954,USD,TRUE,mastercard
650,427,114673,5579a558-1c46-4e02-b547-4c019bc36f5f,USD,TRUE,americanexpress
651,431,20853,eb2fc4ed-d444-4363-b674-5d9aa33014ca,USD,TRUE,jcb
652,336,13621,40a56697-6577-412d-918a-dc9eac49f722,USD,TRUE,maestro
653,303,78813,9561925d-1a7a-4bfb-ad66-1af14805d6ad,USD,TRUE,jcb
654,419,79053,32655d48-ceb4-40fb-b161-70fa33ac4e17,USD,TRUE,jcb
655,79,127035,9847265e-9148-4d95-81d5-525cc93f88ef,USD,TRUE,diners-club-enroute
656,320,73267,27630f8a-31a2-4639-91d5-ba6e4627d7c9,USD,FALSE,jcb
657,37,57331,8ea3abd3-49a6-4272-ba59-addd6736ce0a,USD,TRUE,laser
658,240,124386,54ba79d9-9df8-492a-bb0e-024d2dded4fa,USD,TRUE,jcb
659,240,57909,1138f60b-216c-487d-980d-5048857a56fe,USD,TRUE,mastercard
660,433,5198,599c19b0-a6a2-49e1-9b0f-4a4d7e1cf767,USD,FALSE,switch
661,301,57425,aa3b6e2d-8c17-4493-91da-66be3fd5018d,USD,TRUE,laser
662,108,5587,30dd76b5-e416-4bcf-99ed-74df6abfffa0,USD,TRUE,diners-club-carte-blanche
663,348,177107,b7486a3b-7d2d-423c-bef5-d720dc72e206,USD,FALSE,china-unionpay
664,276,4722,b1ef48f9-2523-45e4-aee8-320541d7b788,USD,TRUE,mastercard
665,154,197678,ee7d4b61-6cd0-422d-bf82-09eb99a5e4f0,USD,TRUE,maestro
666,270,92207,da92b0f7-04be-4641-b2b9-51b40ae90d6b,USD,TRUE,jcb
667,280,82690,b259bd0d-347e-4366-834a-d45b43d88f2f,USD,FALSE,americanexpress
668,354,74260,594c6769-3e5e-4a53-8bb4-e8d2c2c3531a,USD,TRUE,jcb
669,71,60164,4a95001d-1fec-4c70-a8ac-aa869e7adb6f,USD,FALSE,mastercard
670,475,59805,0d726a41-4688-42fd-ae4b-5c82c065759b,USD,TRUE,diners-club-carte-blanche
671,67,131227,1134f995-19c6-4dcd-afbc-dc7184ae78f0,USD,FALSE,jcb
672,226,115530,1762df37-9eca-4dc5-b81f-ebabed75f861,USD,TRUE,diners-club-enroute
673,413,124434,88d5d545-de92-4866-bd7f-42e23b4b1343,USD,TRUE,jcb
674,393,57287,47b2c763-8e4f-4757-83e6-988d17dff8ce,USD,FALSE,jcb
675,165,130171,b0508384-264a-43be-a65e-cdcae5528751,USD,FALSE,diners-club-enroute
676,48,191451,1ae3df87-884b-44ef-b48c-b4b3741a5723,USD,FALSE,instapayment
677,322,20745,ab2edf47-b211-4de4-9626-affecc158106,USD,FALSE,visa-electron
678,61,3362,3f9ab494-0bb8-4f5f-bc6a-b3d583b2f98c,USD,TRUE,americanexpress
679,81,154827,8200c556-c384-4920-8a5b-6ffb447aa6bb,USD,TRUE,jcb
680,326,57990,39f5e3ee-90d0-4705-b769-e32085d0b670,USD,FALSE,mastercard
681,20,94427,b998bff8-7d1c-4c37-9ef9-29fb22164269,USD,FALSE,diners-club-carte-blanche
682,436,92039,763b1ff9-0e2e-4b4d-8540-338d86535226,USD,TRUE,jcb
683,142,139673,1fc1f293-ad4a-452b-bdb2-bcae3ef19815,USD,FALSE,jcb
684,18,136488,223d6734-7f57-4d2e-bf8d-59075de8c567,USD,FALSE,jcb
685,204,173801,80fb5de3-aa5f-45b6-ad37-20f3d947c1ef,USD,FALSE,jcb
686,318,47225,2a79a77f-58a2-4099-99dd-c74ce191f3b9,USD,FALSE,jcb
687,43,175659,e4ef853e-d013-48aa-8448-d375363bf080,USD,TRUE,mastercard
688,460,23271,95e9f8c4-695f-4cde-b0f1-e45556cda328,USD,FALSE,jcb
689,261,5186,1e14d4b2-e43b-419a-aa5d-df22afd26517,USD,TRUE,maestro
690,360,188469,9d7ab583-b12b-49ff-99a3-f4cdcdafa13a,USD,TRUE,bankcard
691,323,146143,5cf58c4b-39dd-4e17-97c6-8e03468a739f,USD,TRUE,instapayment
692,349,120303,90adf65a-1218-4375-9a83-0907c3407bf2,USD,TRUE,switch
693,230,43900,cc7e2d0c-f6dd-44e7-865a-d7a76219b923,USD,TRUE,mastercard
694,38,91992,4d55683a-5a1a-451d-9b3d-4e9191ffb664,USD,FALSE,switch
695,295,7011,008db24e-8f43-46cb-a9ac-fa617efe83b2,USD,FALSE,jcb
696,14,60467,486d656d-ffa3-40b3-b7d5-e7989b5ac225,USD,FALSE,jcb
697,405,80388,10008021-990d-46ca-8a3f-db0d5abc81d5,USD,TRUE,jcb
698,479,163444,d01b848a-3497-4d77-920d-03bb0efeaf5e,USD,TRUE,switch
699,409,99181,d16c314f-247c-4d29-a654-31caadff4648,USD,FALSE,jcb
700,329,116761,01730daa-bc93-4b80-86a1-834553596a12,USD,FALSE,jcb
701,123,156934,5c5bde1d-fe00-4aa9-8947-e82f289f36ff,USD,TRUE,jcb
702,400,63311,c0d6e0f1-abf0-4fcc-8e58-db0cfafc5ba3,USD,FALSE,mastercard
703,389,130079,3ea13e08-f621-4cab-bcca-b7677857c54d,USD,FALSE,jcb
704,198,52135,50a2bcfd-e8f0-43ff-929b-a9c733d077b4,USD,FALSE,maestro
705,322,156532,22f62eca-8274-4bb6-8442-09e851f395d3,USD,TRUE,jcb
706,19,96436,f70c9e67-afda-477f-afcd-1dcfb745b749,USD,TRUE,jcb
707,321,17608,a3543160-689c-4a70-807d-d26a53f103d0,USD,FALSE,mastercard
708,266,71757,1eadd8ef-a7bc-4ed5-a8af-48d839dfa607,USD,TRUE,jcb
709,176,26540,7b64ee3b-8ca6-4bd2-8f97-9dbf1f78b705,USD,FALSE,instapayment
710,51,186407,f9328c88-f139-4048-a74d-948b8c5bc15d,USD,FALSE,jcb
711,420,65845,3ac4895a-3739-4f3d-8c9e-13fc8f9db66e,USD,FALSE,diners-club-enroute
712,176,33161,6b1fc8c9-8d8a-4dd7-b484-71fe553858ff,USD,TRUE,americanexpress
713,267,11162,e3b05b77-eb55-454e-a632-5a74337c42d0,USD,TRUE,mastercard
714,486,122299,f1a97ef0-5785-49ab-a58a-ae47f25b3c33,USD,TRUE,mastercard
715,157,20728,bf172aec-3cdd-450b-a350-16d1d24b3517,USD,TRUE,diners-club-carte-blanche
716,399,128689,ebeda18e-d61d-4834-92ee-d323fd67b6f4,USD,FALSE,mastercard
717,149,139742,b74ab625-8a7f-4687-b7c3-64ce24955af0,USD,TRUE,jcb
718,283,101123,2ce40625-b372-44a2-8279-d1bc64c51b77,USD,FALSE,diners-club-carte-blanche
719,314,81376,ba4eed15-01a0-40fc-9106-9001688ca58d,USD,TRUE,maestro
720,195,35182,d388ceee-6eb1-47ae-84a9-d78600368dfa,USD,FALSE,americanexpress
721,116,30297,ddc6b958-f956-4a7d-b16d-b804a60b83ff,USD,FALSE,americanexpress
722,446,105300,f18f7c75-b063-456c-b0ad-386f7f30feeb,USD,FALSE,jcb
723,76,160903,b01a175b-a40c-4bac-9639-7a7d9ce360c0,USD,TRUE,jcb
724,235,143858,9480928a-da42-499a-a449-223d504e9ff8,USD,TRUE,jcb
725,98,10713,c08aa38d-0965-49f6-a2d4-c71c45c312dc,USD,TRUE,jcb
726,254,133593,447f39c1-faf7-4137-9c11-eea916d3167f,USD,TRUE,laser
727,366,31022,a0246d48-593c-4c40-ba8d-f080566db168,USD,FALSE,americanexpress
728,365,59903,e12a428d-6b9b-41b6-975f-0afaa975b2c0,USD,FALSE,maestro
729,421,119378,1e7c0deb-ed17-4449-81f9-431c6d7e929c,USD,TRUE,switch
730,260,13855,17f7b329-f7eb-44bf-b5db-3480a3949279,USD,TRUE,jcb
731,434,176951,a5a42dbe-1826-4aff-a553-82c3067f85f0,USD,TRUE,jcb
732,461,11556,f4a834a8-493f-46d0-90af-36e894ee89ab,USD,TRUE,jcb
733,493,81800,e276bb79-7806-43f8-a7a6-e732ceb522ae,USD,FALSE,jcb
734,182,80987,b3dc44c9-0afe-46fe-96db-fa056ca52ef5,USD,TRUE,china-unionpay
735,491,56835,068a8480-6c3b-4c80-b936-b9f4654d86ad,USD,FALSE,visa
736,448,156799,e56ed26b-5cf3-4cab-95b2-06624b53de80,USD,FALSE,jcb
737,453,164439,314823f0-a1b3-46b5-84bc-4982d4569142,USD,FALSE,jcb
738,236,24211,d028b734-a371-4fef-9550-13f69e66dd10,USD,TRUE,diners-club-carte-blanche
739,470,123930,1a3d641d-d4f5-4021-a117-4411b0ea89af,USD,TRUE,jcb
740,425,69831,5e3d28ce-1803-4ca1-ae2d-30752a30e744,USD,FALSE,mastercard
741,168,102196,3338d8d5-5334-4a40-b1f3-61da79c69d4d,USD,FALSE,jcb
742,220,118111,d023c758-2cb6-4f70-ac2c-024eeff18b79,USD,FALSE,diners-club-enroute
743,488,120688,3f5be0cb-2ff6-4177-867b-afd53856245b,USD,TRUE,jcb
744,500,67138,255ba626-492b-4a5c-99ca-27c467c5f090,USD,TRUE,diners-club-carte-blanche
745,275,164399,71aa2b45-075b-4fdc-a500-0c7d7fb5c056,USD,TRUE,jcb
746,447,136305,1cf4d5c3-9a70-4337-9aa6-16ff94391863,USD,TRUE,visa
747,415,62778,088371db-6923-4535-89b4-2c1138fa96be,USD,FALSE,jcb
748,351,33523,1410f3ff-11c5-42b4-9d65-6f9621579411,USD,TRUE,diners-club-carte-blanche
749,401,73634,75ea7363-f217-49f5-ab3c-3edf5b9aedc4,USD,TRUE,diners-club-carte-blanche
750,141,190421,07a64cb7-a6d4-410c-bda4-90c888565482,USD,FALSE,switch
751,349,110140,cce47859-4caf-411a-a208-a8303eb0d9f4,USD,FALSE,visa-electron
752,281,17710,1d0a9fd1-f8e8-4c10-8748-6c17fe10330d,USD,TRUE,switch
753,183,71586,fef291d8-dc5d-4779-ab61-5a463114441c,USD,TRUE,jcb
754,299,69736,3f5c514b-4498-4a3f-96d1-c4d06f460e43,USD,FALSE,maestro
755,41,80785,f3f4ce6d-cc10-4f18-8431-0524cc2c1119,USD,FALSE,jcb
756,471,59372,6056ff3f-7562-4aad-a27a-3443e2eb11ae,USD,FALSE,visa
757,93,178398,f1ee5b90-62c2-4708-b11c-dcba94419761,USD,FALSE,jcb
758,149,34372,34921bd4-67c1-4741-b72b-4c5fa3192cf1,USD,FALSE,diners-club-enroute
759,146,37476,9fad0d86-0eda-442a-a8d7-ecd931482a03,USD,TRUE,maestro
760,398,60431,f2a791ea-bf4d-455a-b6af-62dcb751c5f9,USD,FALSE,china-unionpay
761,42,99829,56d0b27d-c945-482f-9519-f2a6a6a36569,USD,TRUE,diners-club-carte-blanche
762,144,170157,b8c7b584-46ca-4ebf-bfa9-4dcdfb476374,USD,FALSE,mastercard
763,488,42103,bbc004eb-a6b1-4d04-87be-50a595b2f362,USD,TRUE,visa
764,94,150068,b7047167-a64a-4689-8185-6293c8387bcf,USD,FALSE,mastercard
765,436,160326,46f706ac-31dc-47ac-9f49-326ee7693ac6,USD,TRUE,mastercard
766,309,89047,f71049c1-027e-4f3f-98c4-958776111268,USD,TRUE,visa-electron
767,460,117541,9baec531-c607-4cfa-bea7-f9b550a2ff8f,USD,FALSE,diners-club-international
768,6,182819,b6329f0e-fc62-4a19-84a6-237c771e997f,USD,TRUE,china-unionpay
769,331,179046,37790294-2f54-43eb-9c29-b41d1aaf95cb,USD,TRUE,diners-club-enroute
770,129,162486,9077d442-76bd-4642-9397-cb4314d304ec,USD,FALSE,diners-club-enroute
771,298,102603,2fd71b7b-e719-41b8-b1d1-ab219bde9aa5,USD,FALSE,instapayment
772,308,87520,4f8cee7b-d00e-4c1c-a9e9-163a3dded5d0,USD,TRUE,jcb
773,102,123413,faacb9f0-038c-4600-a8f0-73995703902a,USD,FALSE,visa-electron
774,407,6157,59ae86c8-0945-4722-a21a-51a099a56817,USD,FALSE,jcb
775,360,184020,fb5668a8-8964-450c-9044-9ceaeb7963cb,USD,TRUE,jcb
776,44,72352,7806a73d-94b0-4853-86f8-7bf519c60bd2,USD,TRUE,switch
777,169,26849,d5751519-4d48-4a65-9ec5-ba80b1129324,USD,TRUE,visa-electron
778,210,10476,2744f398-c4b5-4c58-a5fc-a368a9d52cc6,USD,TRUE,switch
779,166,39686,a52dc0af-0823-4cd7-bc80-8a3da99aae6b,USD,TRUE,jcb
780,117,171758,fd5deb93-f8d3-4f66-98e3-48bd6f9b0464,USD,FALSE,diners-club-carte-blanche
781,308,31976,78ca9043-4b45-47a9-8aae-e4e2e573de34,USD,TRUE,mastercard
782,369,192126,64d343b6-d3c6-4672-9c7e-2c33086c7354,USD,FALSE,jcb
783,268,46344,994da66c-23a7-483e-b36d-afa29217b31e,USD,FALSE,jcb
784,174,119450,e3b3cc06-710f-4751-a41c-f876e535b4a1,USD,TRUE,jcb
785,343,128965,98621f82-dbee-47b6-a1d8-5ea941c64bdd,USD,TRUE,laser
786,36,158494,318457c5-8d4f-43c3-81db-91f407821f03,USD,TRUE,diners-club-enroute
787,400,5416,f6c058b0-7cc1-408d-a182-9b159ba4f9e8,USD,TRUE,mastercard
788,97,68238,dbe16689-f673-40eb-a999-f95620a2be86,USD,FALSE,diners-club-enroute
789,62,52651,5ac06b91-c120-4676-a3c2-739fbb4a285c,USD,FALSE,mastercard
790,418,166481,d7cb625a-a028-45d8-9d6e-18a4fc2f2917,USD,TRUE,americanexpress
791,66,5647,0ace198d-2b68-43f2-8d7a-88f370af7ff5,USD,FALSE,jcb
792,294,17067,e08038ae-8e5f-4e99-9014-a0e4875346e9,USD,TRUE,visa
793,194,183596,3fbcab70-620d-4eac-95b8-43cda9fb0e49,USD,FALSE,jcb
794,360,112618,99d51a70-afdf-41b4-8f24-a4ad52629263,USD,TRUE,jcb
795,22,30131,1432128a-df18-49a2-bd63-9fc9693006ef,USD,TRUE,americanexpress
796,319,29208,97d7d218-ceaf-48d0-b19e-2d824ee2550d,USD,FALSE,switch
797,242,104265,03ea287a-b533-462d-86b3-96ec75bab503,USD,FALSE,diners-club-enroute
798,67,55580,c913f5ad-0b3d-4830-b188-222fee41fb35,USD,TRUE,jcb
799,80,184044,09991bc4-bf83-40fc-bad9-36f5b4488ea4,USD,FALSE,mastercard
800,476,69529,0ce61f81-a6d1-48e2-8a17-eeb3dfd07402,USD,FALSE,jcb
801,192,156478,7314aeea-f174-4c80-b693-ef11b4cb3f7d,USD,TRUE,jcb
802,427,142801,3587a9c8-b069-42e6-867e-8a42eec08360,USD,TRUE,jcb
803,181,10445,0499dcc4-c7bf-4234-921e-93ec32983ff9,USD,FALSE,mastercard
804,405,7810,dd987ba3-9640-4adc-8984-9d6f8ff65ee8,USD,FALSE,americanexpress
805,479,48083,b00b698a-ef9c-4d04-8c2f-7ac2e40a3efa,USD,TRUE,mastercard
806,374,114578,1c05ff9a-3b63-4e46-91b8-617232e3c6a6,USD,FALSE,laser
807,378,117177,649d2fb2-0963-45d0-949b-26260e3e429e,USD,TRUE,diners-club-enroute
808,42,7257,286b3a7d-20b7-4b14-a691-b2a93590a76c,USD,FALSE,visa
809,460,113248,fe3fea3f-0644-4623-84d3-9d9af02e74ad,USD,TRUE,switch
810,49,132279,25ead85c-6e06-4e02-a4ef-07620af7f61f,USD,TRUE,jcb
811,227,179084,70cd530c-322b-4e00-81ce-9d32886e48cd,USD,FALSE,jcb
812,391,110881,6d656d58-8977-40d4-a446-de37477cde3c,USD,TRUE,diners-club-us-ca
813,32,25257,b1203676-0135-4749-9cc9-c7113fb602b8,USD,FALSE,diners-club-carte-blanche
814,73,93043,ec1ac3fb-6212-4b75-9570-bd431d99e839,USD,TRUE,jcb
815,291,54983,0bd6848e-2440-4da4-beb6-320fe6a04ff6,USD,TRUE,jcb
816,337,124494,884df08a-9412-43ec-8205-ab8ebe777f39,USD,TRUE,maestro
817,121,69582,3e8e38d2-99d9-4338-935c-6eabf15f4a2a,USD,FALSE,jcb
818,339,173129,a375245f-cace-4fbf-b94b-1bbb5c1d4983,USD,TRUE,maestro
819,106,90970,4b1c26cb-5242-4197-aca2-77bd027296c6,USD,TRUE,maestro
820,149,152747,466b9ae5-c3bf-4a6c-8e3e-a369c8cb9a72,USD,TRUE,mastercard
821,58,194531,d92a21c0-0709-4288-afa7-65a4f57bd310,USD,FALSE,jcb
822,197,62153,76b9faf8-c4c1-46e4-b2ff-445011869b42,USD,TRUE,jcb
823,175,124167,ab375434-961f-4a4a-87f8-655fc04ee062,USD,TRUE,diners-club-enroute
824,307,66850,80bf7c56-a708-4730-a135-cb55ff66f85c,USD,FALSE,jcb
825,32,22566,fc3962b5-a20c-4245-a4d9-152f8484aad6,USD,FALSE,jcb
826,78,70502,4250c7c2-8cb2-4f36-add7-9205723276e9,USD,FALSE,jcb
827,275,19709,1a76e504-db64-48d2-88ba-18d89c7bf249,USD,TRUE,diners-club-enroute
828,113,63861,2b77b992-c5c5-41bc-9477-d318c2529c39,USD,TRUE,jcb
829,289,120330,4e21b040-da3e-474a-baad-2fde61d71d56,USD,FALSE,bankcard
830,135,78675,0b38c49d-1b72-48c7-8bf9-f3a128761a00,USD,TRUE,china-unionpay
831,236,100434,b4623c50-7335-4be9-acde-43da76f47e4e,USD,FALSE,laser
832,158,139190,8b27ee02-8c62-45f5-ab9c-0c40633b825a,USD,TRUE,jcb
833,335,122617,198386bc-d4bc-435f-8f8d-5472863ac5a7,USD,TRUE,maestro
834,479,95255,2f7d3f33-1892-4c1a-b4d4-6decd6fcc5e3,USD,FALSE,americanexpress
835,500,179131,b204943a-bc6b-438a-8c6a-0d8cbfb2c232,USD,TRUE,laser
836,137,163526,cfb4ab6c-f482-48c9-8642-fd38d8045ffd,USD,TRUE,jcb
837,249,44214,94ccf082-7ec1-40e5-ace7-32a69522a639,USD,TRUE,jcb
838,190,77453,8170049e-5103-4fcb-9c92-5e1a9db1dcfd,USD,TRUE,jcb
839,211,12543,be0c8404-1bb6-49d5-86d2-c8296034f97a,USD,FALSE,jcb
840,301,12776,5267ed8a-84c1-497b-a9ee-5f86aff028f4,USD,FALSE,maestro
841,137,130146,b9b92e13-db81-4a11-8143-8031ac0711bd,USD,TRUE,visa
842,317,159472,646f56e2-72e3-4f0a-b670-46087664f85e,USD,TRUE,diners-club-enroute
843,6,152481,e5e4c806-4f77-4c95-8649-3496f488ec08,USD,FALSE,china-unionpay
844,126,66415,9172ae04-7b3b-4c0e-9b8f-ff70f899e5b0,USD,TRUE,switch
845,436,62814,fe586740-94fd-4149-b36e-abbbcf640e76,USD,FALSE,americanexpress
846,309,33686,5a67c74d-3d7d-4631-a607-5067af1e9e0a,USD,FALSE,maestro
847,321,68919,0d3b37ca-a9a7-4bcb-9e3e-5a6ad3cb112e,USD,FALSE,jcb
848,131,85391,2a3ac650-5603-4720-a357-37897ab6da85,USD,TRUE,visa-electron
849,342,197777,813da94b-3b31-4283-95b8-1284adaaae7c,USD,TRUE,jcb
850,122,97550,a42007ee-fc35-4013-be42-53ebe4a42291,USD,FALSE,jcb
851,25,167629,11a5142c-e2fe-41c9-888b-daff2c75f1ef,USD,TRUE,instapayment
852,295,31991,f1475923-4882-4438-9963-5759e9c5aa43,USD,TRUE,mastercard
853,437,145480,259b4809-a305-4987-bd08-5a8eb47ae1e6,USD,TRUE,diners-club-enroute
854,401,8221,ba2a83de-7ad8-42fa-942a-498641f368fc,USD,TRUE,diners-club-enroute
855,125,57769,80dbef92-0738-4529-9ea3-d5350828cb36,USD,FALSE,maestro
856,482,173009,7ce402e1-10fc-423f-890c-f5e695361359,USD,TRUE,visa
857,444,197277,1b885770-9c3d-4712-90ad-366233db2113,USD,FALSE,mastercard
858,170,47002,0b2f589e-964e-4fd4-ac2b-535d7e0dddf9,USD,TRUE,solo
859,429,124763,7bc9db5c-1052-486c-8c70-234f4f969113,USD,FALSE,instapayment
860,17,31566,7bbd9ec7-c0ef-47aa-a502-85cb2a946f39,USD,TRUE,jcb
861,491,191571,9fb5ffd7-e941-4a00-b40e-718aab00bcb1,USD,FALSE,americanexpress
862,59,122369,c71c788f-5966-47cb-9667-7a0e102145f8,USD,FALSE,jcb
863,324,117908,dc7231f1-569b-403c-8fe9-f14e4ec139b0,USD,TRUE,switch
864,259,118739,aaf61c5d-fbad-44a3-9eb7-54c208ed6463,USD,TRUE,jcb
865,79,124277,c85ef29f-6e43-4658-a3ff-160c029d5308,USD,TRUE,mastercard
866,296,25580,f5ff9fbf-1436-4c35-ad47-dc1aa819c63f,USD,FALSE,jcb
867,261,90899,9defd954-683f-4320-950c-c6f8f400b6a6,USD,FALSE,visa-electron
868,256,39872,644d8ea9-76cc-499d-9b64-d5373a0ac8a9,USD,FALSE,jcb
869,145,65285,5de56a2d-62da-4db2-ab72-9b43fec82311,USD,FALSE,maestro
870,453,52732,9fddbf2a-24d3-4363-8f53-56235260fca5,USD,FALSE,diners-club-us-ca
871,490,89513,5408670b-6b72-4d88-b13c-1f49e57f335a,USD,TRUE,diners-club-enroute
872,225,83805,ee6619c9-34f3-4048-99b1-5b7598c54eaa,USD,TRUE,jcb
873,88,154578,1a608f51-232b-43ab-b574-b06a9e8befd0,USD,TRUE,jcb
874,224,87724,249c73d8-c5b7-4ee1-8862-b02b61e37843,USD,FALSE,americanexpress
875,43,69507,bcfeb21e-33e4-471a-99d6-c583c72f33fc,USD,TRUE,bankcard
876,481,72661,18061695-293f-48f4-8ce7-c13dff55cc8f,USD,FALSE,jcb
877,277,27205,9b231d0d-8154-4598-ae70-ade2884dabb4,USD,FALSE,diners-club-international
878,421,87718,fc882993-3474-4fe6-a475-fa2e75964fdb,USD,TRUE,jcb
879,342,179690,b8786900-a43a-4b82-b227-36cf7a241f80,USD,FALSE,diners-club-carte-blanche
880,331,195415,7fbd21f5-b879-46b4-b526-abda14d9d25d,USD,TRUE,bankcard
881,180,61618,566e5e85-57d3-4e8b-b161-58657bbe1fb6,USD,FALSE,diners-club-us-ca
882,475,186585,bef6a207-83b2-413b-96ed-1ee335b2a8c4,USD,FALSE,mastercard
883,428,73005,a911c293-deee-425d-bbbb-364598c73992,USD,FALSE,jcb
884,122,146466,5fb1f5a6-96d2-4a03-986a-20baa9c52bb1,USD,FALSE,china-unionpay
885,321,174487,086bff85-298e-4752-b377-073c47c4a90d,USD,FALSE,diners-club-carte-blanche
886,282,58455,8f4c4aa6-06c0-45f5-9424-3b8534c29322,USD,FALSE,jcb
887,171,180484,bfb1f17f-e35b-4a71-8a60-739b1789bb18,USD,FALSE,diners-club-enroute
888,376,106822,a5805488-8657-4e85-bfbe-d823caaff386,USD,FALSE,visa-electron
889,450,185836,17a6dc23-334f-48b7-9771-3994f0e2190e,USD,TRUE,mastercard
890,345,183469,f3cbb877-1f0d-4632-aa54-321c9d5bcf0f,USD,TRUE,laser
891,282,133437,0eee7ec8-f034-4f04-be46-667d3b1e6545,USD,TRUE,maestro
892,35,92001,c42d12b2-f1be-4aa5-8955-09e2318ba379,USD,FALSE,diners-club-carte-blanche
893,390,124959,c13015ee-7f07-42b9-b258-6c1297159168,USD,TRUE,visa-electron
894,44,24183,fea2bb58-fb2e-4c64-a309-d3db32f1fd55,USD,TRUE,jcb
895,147,59111,825a9c28-147c-4ed5-bf48-a34b1863a6e3,USD,TRUE,jcb
896,40,96907,32274fb0-7466-4a50-b5cf-a7208f1a5a5a,USD,TRUE,jcb
897,294,151461,bc758bdb-07dc-4c4c-bf66-d2a90cf12932,USD,TRUE,jcb
898,241,193505,676ec9a6-74f5-46c0-832f-6b60e760a92b,USD,FALSE,jcb
899,261,113157,b5022883-c444-4643-b8c8-a1ef93528684,USD,TRUE,jcb
900,290,22206,262baa31-8527-4a64-93ff-5282fd00d08b,USD,TRUE,jcb
901,271,77426,3b99b67d-f1af-4512-8aa6-810e7b3db8ce,USD,FALSE,mastercard
902,197,6853,748ccc0c-fb6c-43be-a698-5ce353cee645,USD,TRUE,jcb
903,75,57388,0bc610ab-67a9-4842-a021-2470b1ae861b,USD,TRUE,jcb
904,493,55607,4d805a8b-8ff1-4868-8bdf-1dca3d8630bd,USD,TRUE,diners-club-enroute
905,103,67994,94c96dba-0a90-4658-a2b4-4e20a2a2f38f,USD,TRUE,jcb
906,77,189907,c13e9265-9a68-477f-8fb7-0f4155dbee90,USD,TRUE,switch
907,311,138098,fe741a4f-b2b9-471f-aff2-a8f068b36c69,USD,TRUE,jcb
908,341,60858,af2322ca-bb39-432a-9c33-08fc055e79b8,USD,FALSE,visa
909,52,135682,ba8e1a88-901d-4ff0-99bd-9995357aca31,USD,TRUE,mastercard
910,94,13815,7e2510f9-d55f-498c-bf5c-238aee972912,USD,FALSE,jcb
911,334,44701,10d041ea-ec36-4588-8ea9-5733b2e358db,USD,TRUE,jcb
912,156,30275,31f2ff11-ade0-4275-9d89-6cedc42946f1,USD,FALSE,jcb
913,487,98172,232d9ac6-d326-4315-b10a-63e4634fade4,USD,FALSE,mastercard
914,62,131027,c6f7b02c-4159-4d2a-a5f0-fff9e4bddeb6,USD,TRUE,jcb
915,394,163471,f9f37dfd-c774-4192-9fa0-57fce2540141,USD,TRUE,visa-electron
916,211,62660,abeb2641-df23-45a0-815f-f5694a6c6286,USD,TRUE,jcb
917,211,53380,08d32819-af46-48ef-9340-da1b9c86341e,USD,TRUE,jcb
918,471,108931,2c021d86-0e6d-496c-8a0f-f3004deafa16,USD,FALSE,jcb
919,122,38338,8132df09-280f-4455-98ea-daa216e0c71f,USD,TRUE,jcb
920,199,184215,41dd498f-2a40-4f88-9f8b-1cdbcc1e4b8d,USD,FALSE,bankcard
921,327,44402,0f9fe6ed-793f-4306-a49e-711aede74f5b,USD,TRUE,visa
922,156,31347,0bacfad2-a099-4539-85b7-6899ebacdec1,USD,TRUE,laser
923,103,71726,530483fd-1d2a-4bb3-8d61-d1f9ea9a9c9f,USD,FALSE,jcb
924,436,51128,98b794ac-6a2b-4305-a2d9-b0238ee950ae,USD,FALSE,jcb
925,115,29331,04b2e145-d2c5-482b-bd6d-08764e56bcdd,USD,FALSE,switch
926,168,36321,9538a2ec-fa1f-415d-82a2-6c1191898f13,USD,TRUE,americanexpress
927,6,34564,18054c12-9091-48e9-92fb-aafceec98667,USD,FALSE,mastercard
928,97,117140,c796a916-19ea-48f9-b63c-50956ed22d8a,USD,FALSE,mastercard
929,197,138911,132f87de-d33c-4111-9688-a2d372080759,USD,TRUE,china-unionpay
930,344,12344,f04e938e-8184-4f4c-b355-a7767563b9a9,USD,TRUE,laser
931,131,158153,9fb99e5d-346e-48ee-9123-5f707d878927,USD,TRUE,switch
932,305,184526,186b6766-5f42-4a51-a542-b9c810dabc34,USD,TRUE,china-unionpay
933,193,123072,2d518f29-81af-46b4-a4da-5abcb6a33963,USD,FALSE,jcb
934,183,197758,93797ee6-87e5-46a4-80d3-d332efcc4f93,USD,TRUE,jcb
935,374,44405,0f4e6b03-cb58-45f7-b5c6-2ed7686a8f8b,USD,FALSE,jcb
936,333,177938,97514321-28c9-4718-bb96-7667d70063f1,USD,FALSE,mastercard
937,245,128107,3d41ca90-60db-4ae5-803d-65b662b617fb,USD,TRUE,maestro
938,268,39119,d7dd8dfa-82fb-4f48-b8e6-35152ed91217,USD,TRUE,diners-club-enroute
939,395,125359,b39ab9e8-e519-4e74-9d88-dda912984eb6,USD,TRUE,bankcard
940,52,96333,6be6bc4a-a6ae-4dc8-825b-8f26319fb30d,USD,TRUE,switch
941,62,147225,ea555adb-36c5-4e44-90ea-79020193b73b,USD,FALSE,jcb
942,280,116273,63568464-0391-435f-be82-b3d4414b5ea1,USD,FALSE,visa
943,322,19296,a283f89b-8175-4276-8367-a55138bd5388,USD,TRUE,jcb
944,142,89148,81275fbd-fc23-4333-9a9c-2719247ce296,USD,TRUE,jcb
945,232,150182,4b158fd6-95f3-42b9-a22f-6658f4bed981,USD,TRUE,jcb
946,142,158001,1922cbc3-41dc-49cf-a5f8-c3de64012120,USD,FALSE,switch
947,414,16756,a9429bdf-4ab1-49b5-ad29-fa095d4f5509,USD,FALSE,jcb
948,358,98851,bdb496fe-c607-43ff-8ece-6760468aabc6,USD,FALSE,visa-electron
949,434,190512,2ae29e17-2e81-4f15-a7d9-e926c50b7cb0,USD,FALSE,mastercard
950,459,84682,39d2bf66-7dd8-4e2b-90e8-ef51b31ec5c3,USD,TRUE,jcb
951,79,111867,63e3e634-f3ba-47ed-95ff-f4ab52eebcff,USD,TRUE,jcb
952,262,13910,be0e0139-7250-4943-932a-434816eed360,USD,TRUE,maestro
953,332,112387,df044cb9-fc23-491c-bafd-e3577e698609,USD,FALSE,visa
954,346,30046,e8f1f6a8-c461-4cd7-9dcf-5aa8b77817bb,USD,FALSE,visa
955,331,29803,195fa177-c179-4572-8a4d-e2a0f6892c2b,USD,TRUE,jcb
956,348,90254,f42609c4-87f2-42e1-bab1-ae6b13c821f5,USD,FALSE,maestro
957,183,93739,1479c707-7a04-403e-bee2-15da9018a760,USD,FALSE,mastercard
958,158,48218,69944594-5387-47d7-a1d0-5532e4bafc86,USD,TRUE,jcb
959,172,184797,de846a65-8e12-47c2-a646-e839708db21e,USD,TRUE,visa-electron
960,336,117065,8e6d0be5-94d0-48d6-9bac-e5dbcf26fed1,USD,TRUE,jcb
961,116,2641,7c4c6d19-14b3-4438-bf18-f2132c119a88,USD,TRUE,jcb
962,7,197064,5bc79491-10cd-4009-ad9c-a44a10705baa,USD,TRUE,americanexpress
963,347,152598,06b6b19d-e98c-49bf-a055-dd9995a76797,USD,FALSE,jcb
964,445,150502,8c146292-3841-4632-9b86-bbd51321aee4,USD,FALSE,jcb
965,258,89976,6127e844-cc63-4915-835e-c3b1648bebb2,USD,FALSE,switch
966,84,154437,82d8bbe9-1f6e-4f3a-a4c9-40fbff7ffbb3,USD,FALSE,jcb
967,46,147942,09635bb0-e33f-4f67-8e6e-3e137def7c9c,USD,FALSE,bankcard
968,476,109629,7fbee1e4-523a-406f-a63a-5c576b5d86f9,USD,TRUE,diners-club-enroute
969,346,3771,5d3cdc2b-7004-4380-a69a-54bf6f9999cf,USD,TRUE,jcb
970,151,107839,5da7ed92-69a2-4930-9325-d175e97b59a4,USD,TRUE,jcb
971,418,161887,7abc9757-bfa8-4afb-838b-593cddf4c7f7,USD,FALSE,china-unionpay
972,115,191756,f1a3b8ec-b0b1-4292-9b64-495b5268dfb4,USD,TRUE,jcb
973,85,134863,f7f368e1-e92f-4882-b822-ef26417f1a42,USD,FALSE,instapayment
974,207,135500,8a5da379-4948-4cc5-987e-60de11324e2a,USD,TRUE,mastercard
975,325,182979,9dd54109-7610-42ae-8b3a-c54afb342cd9,USD,FALSE,jcb
976,457,112780,95ec8e56-338b-4cbf-91c0-8355e202140b,USD,FALSE,visa
977,444,4635,5df8ad76-cd91-454a-8bb8-d31da9e971fe,USD,TRUE,visa
978,126,135852,83501980-963c-4959-92e5-d01dbcbe4fde,USD,FALSE,diners-club-carte-blanche
979,330,89317,3f740ee0-cbbe-4f1b-922e-4ff2fcd92277,USD,FALSE,switch
980,150,103469,3739a100-be9c-4643-bcb1-312f03539d2d,USD,FALSE,mastercard
981,451,132639,9114ec4e-aa34-4949-9c70-5601f76b34ca,USD,FALSE,laser
982,171,160998,7e3ca15d-5272-4cf9-99bc-4156ff8acdf8,USD,FALSE,americanexpress
983,183,35537,40dc5011-e1d2-4415-ba96-01e9a0ab807d,USD,TRUE,jcb
984,220,158219,3b56984e-c917-4165-b2aa-185f21dca418,USD,TRUE,jcb
985,44,113962,e42558bb-350f-4998-96bd-5adac3631267,USD,TRUE,jcb
986,59,113337,8ca89031-7154-4906-a3cc-78830e269886,USD,TRUE,jcb
987,176,15549,73124c0a-63b0-4b25-8bb5-6cf79c9b7a39,USD,FALSE,diners-club-carte-blanche
988,61,169699,a893ff0b-0e43-4883-9d2d-a8aea04164d8,USD,TRUE,laser
989,57,180745,3deb2e88-bd24-4f2c-83dc-15aa45af555c,USD,FALSE,jcb
990,489,54781,2c3ac6f3-c53e-4484-8731-bb1948828a8c,USD,TRUE,diners-club-enroute
991,107,60778,7a93eff0-0dee-4d23-94af-d2e6e88c3d07,USD,TRUE,solo
992,474,90633,8ff26485-65a5-472b-9cb4-4970e4c3fb97,USD,FALSE,jcb
993,63,34808,0d2bafc9-397c-4d40-852e-f91eee753458,USD,FALSE,instapayment
994,277,91629,620c6a33-f693-48ac-b7aa-4f8fbac3fe7c,USD,TRUE,jcb
995,465,135230,2ff421b4-bb2b-4dca-8f10-785bd5676e8b,USD,FALSE,jcb
996,322,3493,96e493ef-2e0b-4d75-912c-103203a932f2,USD,FALSE,jcb
997,174,78625,bb2a6c0f-34a5-43a9-87e8-a4f1688418d2,USD,FALSE,jcb
998,241,17397,47b7b75f-23a3-48b0-8e19-3e70e222e1ad,USD,FALSE,bankcard
999,141,150154,89c768ee-a685-4031-bc62-36a03854cd3d,USD,FALSE,laser
1000,307,172703,e9811bb0-bd53-44a7-9a40-cb0183d1057a,USD,FALSE,switch